time,event_type,flow_state,tolerance_count,bag_state,bag_time_remaining,actual_flow,target_flow,medical_order,actions_count,actions,alarm_state
1.626,control,normal_flow,0.0,normal_bag,inf,120.000,120.000,120.0,1,adjust_flow(delta=0.000),no_alarm
2.495,control,normal_flow,0,normal_bag,inf,120.000,120.000,120.0,1,adjust_flow(delta=0.000),no_alarm
3.495,control,normal_flow,0,normal_bag,inf,120.000,120.000,120.0,1,adjust_flow(delta=0.000),no_alarm
4.495,control,normal_flow,0,normal_bag,inf,120.000,120.000,120.0,1,adjust_flow(delta=0.000),no_alarm
5.495,control,normal_flow,0,normal_bag,inf,120.000,120.000,120.0,1,adjust_flow(delta=0.000),no_alarm
6.495,control,normal_flow,0,normal_bag,inf,120.000,120.000,120.0,1,adjust_flow(delta=0.000),no_alarm
7.495,control,normal_flow,0,normal_bag,inf,120.000,120.000,120.0,1,adjust_flow(delta=0.000),no_alarm
8.495,control,normal_flow,0,normal_bag,inf,120.000,120.000,120.0,1,adjust_flow(delta=0.000),no_alarm
9.495,control,normal_flow,0,normal_bag,inf,120.000,120.000,120.0,1,adjust_flow(delta=0.000),no_alarm
10.495,control,normal_flow,0,normal_bag,inf,120.000,120.000,120.0,1,adjust_flow(delta=0.000),no_alarm
11.495,control,normal_flow,0,normal_bag,inf,120.000,120.000,120.0,1,adjust_flow(delta=0.000),no_alarm
12.495,control,normal_flow,0,normal_bag,inf,120.000,120.000,120.0,1,adjust_flow(delta=0.000),no_alarm
13.495,control,normal_flow,0,normal_bag,inf,120.000,120.000,120.0,1,adjust_flow(delta=0.000),no_alarm
14.495,control,normal_flow,0,normal_bag,inf,120.000,120.000,120.0,1,adjust_flow(delta=0.000),no_alarm
15.495,control,normal_flow,0,normal_bag,inf,120.000,120.000,120.0,1,adjust_flow(delta=0.000),no_alarm
16.495,control,normal_flow,0,normal_bag,inf,120.000,120.000,120.0,1,adjust_flow(delta=0.000),no_alarm
17.495,control,normal_flow,0,normal_bag,inf,120.000,120.000,120.0,1,adjust_flow(delta=0.000),no_alarm
18.495,control,normal_flow,0,normal_bag,inf,120.000,120.000,120.0,1,adjust_flow(delta=0.000),no_alarm
19.495,control,normal_flow,0,normal_bag,inf,120.000,120.000,120.0,1,adjust_flow(delta=0.000),no_alarm
20.495,control,normal_flow,0,normal_bag,inf,120.000,120.000,120.0,1,adjust_flow(delta=0.000),no_alarm
21.495,control,normal_flow,0,normal_bag,inf,120.000,120.000,120.0,1,adjust_flow(delta=0.000),no_alarm
22.495,control,normal_flow,0,normal_bag,inf,120.000,120.000,120.0,1,adjust_flow(delta=0.000),no_alarm
23.495,control,normal_flow,0,normal_bag,inf,120.000,120.000,120.0,1,adjust_flow(delta=0.000),no_alarm
24.495,control,normal_flow,0,normal_bag,inf,120.000,120.000,120.0,1,adjust_flow(delta=0.000),no_alarm
25.495,control,normal_flow,0,normal_bag,inf,120.000,120.000,120.0,1,adjust_flow(delta=0.000),no_alarm
26.495,control,normal_flow,0,normal_bag,inf,120.000,120.000,120.0,1,adjust_flow(delta=0.000),no_alarm
27.495,control,normal_flow,0,normal_bag,inf,120.000,120.000,120.0,1,adjust_flow(delta=0.000),no_alarm
28.495,control,normal_flow,0,normal_bag,inf,120.000,120.000,120.0,1,adjust_flow(delta=0.000),no_alarm
29.495,control,normal_flow,0,normal_bag,inf,120.000,120.000,120.0,1,adjust_flow(delta=0.000),no_alarm
30.495,control,normal_flow,0,normal_bag,inf,120.000,120.000,120.0,1,adjust_flow(delta=0.000),no_alarm
31.495,control,normal_flow,0,normal_bag,inf,120.000,120.000,120.0,1,adjust_flow(delta=0.000),no_alarm
32.495,control,normal_flow,0,normal_bag,inf,120.000,120.000,120.0,1,adjust_flow(delta=0.000),no_alarm
33.495,control,normal_flow,0,normal_bag,inf,120.000,120.000,120.0,1,adjust_flow(delta=0.000),no_alarm
34.495,control,normal_flow,0,normal_bag,inf,120.000,120.000,120.0,1,adjust_flow(delta=0.000),no_alarm
35.495,control,normal_flow,0,normal_bag,inf,120.000,120.000,120.0,1,adjust_flow(delta=0.000),no_alarm
36.495,control,normal_flow,0,normal_bag,inf,120.000,120.000,120.0,1,adjust_flow(delta=0.000),no_alarm
37.495,control,normal_flow,0,normal_bag,inf,120.000,120.000,120.0,1,adjust_flow(delta=0.000),no_alarm
38.495,control,normal_flow,0,normal_bag,inf,120.000,120.000,120.0,1,adjust_flow(delta=0.000),no_alarm
39.495,control,normal_flow,0,normal_bag,inf,120.000,120.000,120.0,1,adjust_flow(delta=0.000),no_alarm
40.495,control,normal_flow,0,normal_bag,inf,120.000,120.000,120.0,1,adjust_flow(delta=0.000),no_alarm
41.495,control,normal_flow,0,normal_bag,inf,120.000,120.000,120.0,1,adjust_flow(delta=0.000),no_alarm
42.495,control,normal_flow,0,normal_bag,inf,120.000,120.000,120.0,1,adjust_flow(delta=0.000),no_alarm
43.495,control,normal_flow,0,normal_bag,inf,120.000,120.000,120.0,1,adjust_flow(delta=0.000),no_alarm
44.495,control,normal_flow,0,normal_bag,inf,120.000,120.000,120.0,1,adjust_flow(delta=0.000),no_alarm
45.495,control,normal_flow,0,normal_bag,inf,120.000,120.000,120.0,1,adjust_flow(delta=0.000),no_alarm
46.495,control,normal_flow,0,normal_bag,inf,120.000,120.000,120.0,1,adjust_flow(delta=0.000),no_alarm
47.495,control,normal_flow,0,normal_bag,inf,120.000,120.000,120.0,1,adjust_flow(delta=0.000),no_alarm
48.495,control,normal_flow,0,normal_bag,inf,120.000,120.000,120.0,1,adjust_flow(delta=0.000),no_alarm
49.495,control,normal_flow,0,normal_bag,inf,120.000,120.000,120.0,1,adjust_flow(delta=0.000),no_alarm
50.495,control,normal_flow,0,normal_bag,inf,120.000,120.000,120.0,1,adjust_flow(delta=0.000),no_alarm
51.495,control,normal_flow,0,normal_bag,inf,120.000,120.000,120.0,1,adjust_flow(delta=0.000),no_alarm
52.495,control,normal_flow,0,normal_bag,inf,120.000,120.000,120.0,1,adjust_flow(delta=0.000),no_alarm
53.495,control,normal_flow,0,normal_bag,inf,120.000,120.000,120.0,1,adjust_flow(delta=0.000),no_alarm
54.495,control,normal_flow,0,normal_bag,inf,120.000,120.000,120.0,1,adjust_flow(delta=0.000),no_alarm
55.495,control,normal_flow,0,normal_bag,inf,120.000,120.000,120.0,1,adjust_flow(delta=0.000),no_alarm
56.495,control,normal_flow,0,normal_bag,inf,120.000,120.000,120.0,1,adjust_flow(delta=0.000),no_alarm
57.495,control,normal_flow,0,normal_bag,inf,120.000,120.000,120.0,1,adjust_flow(delta=0.000),no_alarm
58.495,control,normal_flow,0,normal_bag,inf,120.000,120.000,120.0,1,adjust_flow(delta=0.000),no_alarm
59.495,control,normal_flow,0,normal_bag,inf,120.000,120.000,120.0,1,adjust_flow(delta=0.000),no_alarm
60.495,control,normal_flow,0,normal_bag,inf,120.000,120.000,120.0,1,adjust_flow(delta=0.000),no_alarm
61.495,control,normal_flow,0,normal_bag,inf,120.000,120.000,120.0,1,adjust_flow(delta=0.000),no_alarm
62.495,control,normal_flow,0,normal_bag,inf,120.000,120.000,120.0,1,adjust_flow(delta=0.000),no_alarm
63.495,control,normal_flow,0,normal_bag,inf,120.000,120.000,120.0,1,adjust_flow(delta=0.000),no_alarm
64.495,control,normal_flow,0,normal_bag,inf,120.000,120.000,120.0,1,adjust_flow(delta=0.000),no_alarm
65.495,control,normal_flow,0,normal_bag,inf,120.000,120.000,120.0,1,adjust_flow(delta=0.000),no_alarm
66.495,control,normal_flow,0,normal_bag,inf,120.000,120.000,120.0,1,adjust_flow(delta=0.000),no_alarm
67.495,control,normal_flow,0,normal_bag,inf,120.000,120.000,120.0,1,adjust_flow(delta=0.000),no_alarm
68.495,control,normal_flow,0,normal_bag,inf,120.000,120.000,120.0,1,adjust_flow(delta=0.000),no_alarm
69.495,control,normal_flow,0,normal_bag,inf,120.000,120.000,120.0,1,adjust_flow(delta=0.000),no_alarm
70.495,control,normal_flow,0,normal_bag,inf,120.000,120.000,120.0,1,adjust_flow(delta=0.000),no_alarm
71.495,control,normal_flow,0,normal_bag,inf,120.000,120.000,120.0,1,adjust_flow(delta=0.000),no_alarm
72.495,control,normal_flow,0,normal_bag,inf,120.000,120.000,120.0,1,adjust_flow(delta=0.000),no_alarm
73.495,control,normal_flow,0,normal_bag,inf,120.000,120.000,120.0,1,adjust_flow(delta=0.000),no_alarm
74.495,control,normal_flow,0,normal_bag,inf,120.000,120.000,120.0,1,adjust_flow(delta=0.000),no_alarm
75.495,control,normal_flow,0,normal_bag,inf,120.000,120.000,120.0,1,adjust_flow(delta=0.000),no_alarm
76.495,control,normal_flow,0,normal_bag,inf,120.000,120.000,120.0,1,adjust_flow(delta=0.000),no_alarm
77.495,control,normal_flow,0,normal_bag,inf,120.000,120.000,120.0,1,adjust_flow(delta=0.000),no_alarm
78.495,control,normal_flow,0,normal_bag,inf,120.000,120.000,120.0,1,adjust_flow(delta=0.000),no_alarm
79.495,control,normal_flow,0,normal_bag,inf,120.000,120.000,120.0,1,adjust_flow(delta=0.000),no_alarm
80.495,control,normal_flow,0,normal_bag,inf,120.000,120.000,120.0,1,adjust_flow(delta=0.000),no_alarm
81.495,control,normal_flow,0,normal_bag,inf,120.000,120.000,120.0,1,adjust_flow(delta=0.000),no_alarm
82.495,control,normal_flow,0,normal_bag,inf,120.000,120.000,120.0,1,adjust_flow(delta=0.000),no_alarm
83.495,control,normal_flow,0,normal_bag,inf,120.000,120.000,120.0,1,adjust_flow(delta=0.000),no_alarm
84.495,control,normal_flow,0,normal_bag,inf,120.000,120.000,120.0,1,adjust_flow(delta=0.000),no_alarm
85.495,control,normal_flow,0,normal_bag,inf,120.000,120.000,120.0,1,adjust_flow(delta=0.000),no_alarm
86.495,control,normal_flow,0,normal_bag,inf,120.000,120.000,120.0,1,adjust_flow(delta=0.000),no_alarm
87.495,control,normal_flow,0,normal_bag,inf,120.000,120.000,120.0,1,adjust_flow(delta=0.000),no_alarm
88.495,control,normal_flow,0,normal_bag,inf,120.000,120.000,120.0,1,adjust_flow(delta=0.000),no_alarm
89.495,control,normal_flow,0,normal_bag,inf,120.000,120.000,120.0,1,adjust_flow(delta=0.000),no_alarm
90.495,control,normal_flow,0,normal_bag,inf,120.000,120.000,120.0,1,adjust_flow(delta=0.000),no_alarm
91.495,control,normal_flow,0,normal_bag,inf,120.000,120.000,120.0,1,adjust_flow(delta=0.000),no_alarm
92.495,control,normal_flow,0,normal_bag,inf,120.000,120.000,120.0,1,adjust_flow(delta=0.000),no_alarm
93.495,control,normal_flow,0,normal_bag,inf,120.000,120.000,120.0,1,adjust_flow(delta=0.000),no_alarm
94.495,control,normal_flow,0,normal_bag,inf,120.000,120.000,120.0,1,adjust_flow(delta=0.000),no_alarm
95.495,control,normal_flow,0,normal_bag,inf,120.000,120.000,120.0,1,adjust_flow(delta=0.000),no_alarm
96.495,control,normal_flow,0,normal_bag,inf,120.000,120.000,120.0,1,adjust_flow(delta=0.000),no_alarm
97.495,control,normal_flow,0,normal_bag,inf,120.000,120.000,120.0,1,adjust_flow(delta=0.000),no_alarm
98.495,control,normal_flow,0,normal_bag,inf,120.000,120.000,120.0,1,adjust_flow(delta=0.000),no_alarm
99.495,control,normal_flow,0,normal_bag,inf,120.000,120.000,120.0,1,adjust_flow(delta=0.000),no_alarm
100.495,control,normal_flow,0,normal_bag,inf,120.000,120.000,120.0,1,adjust_flow(delta=0.000),no_alarm
101.495,control,normal_flow,0,normal_bag,inf,120.000,120.000,120.0,1,adjust_flow(delta=0.000),no_alarm
102.495,control,normal_flow,0,normal_bag,inf,120.000,120.000,120.0,1,adjust_flow(delta=0.000),no_alarm
103.495,control,normal_flow,0,normal_bag,inf,120.000,120.000,120.0,1,adjust_flow(delta=0.000),no_alarm
104.495,control,normal_flow,0,normal_bag,inf,120.000,120.000,120.0,1,adjust_flow(delta=0.000),no_alarm
105.495,control,normal_flow,0,normal_bag,inf,120.000,120.000,120.0,1,adjust_flow(delta=0.000),no_alarm
106.495,control,normal_flow,0,normal_bag,inf,120.000,120.000,120.0,1,adjust_flow(delta=0.000),no_alarm
107.495,control,normal_flow,0,normal_bag,inf,120.000,120.000,120.0,1,adjust_flow(delta=0.000),no_alarm
108.495,control,normal_flow,0,normal_bag,inf,120.000,120.000,120.0,1,adjust_flow(delta=0.000),no_alarm
109.495,control,normal_flow,0,normal_bag,inf,120.000,120.000,120.0,1,adjust_flow(delta=0.000),no_alarm
110.495,control,normal_flow,0,normal_bag,inf,120.000,120.000,120.0,1,adjust_flow(delta=0.000),no_alarm
111.495,control,normal_flow,0,normal_bag,inf,120.000,120.000,120.0,1,adjust_flow(delta=0.000),no_alarm
112.495,control,normal_flow,0,normal_bag,inf,120.000,120.000,120.0,1,adjust_flow(delta=0.000),no_alarm
113.495,control,normal_flow,0,normal_bag,inf,120.000,120.000,120.0,1,adjust_flow(delta=0.000),no_alarm
114.495,control,normal_flow,0,normal_bag,inf,120.000,120.000,120.0,1,adjust_flow(delta=0.000),no_alarm
115.495,control,normal_flow,0,normal_bag,inf,120.000,120.000,120.0,1,adjust_flow(delta=0.000),no_alarm
116.495,control,normal_flow,0,normal_bag,inf,120.000,120.000,120.0,1,adjust_flow(delta=0.000),no_alarm
117.495,control,normal_flow,0,normal_bag,inf,120.000,120.000,120.0,1,adjust_flow(delta=0.000),no_alarm
118.495,control,normal_flow,0,normal_bag,inf,120.000,120.000,120.0,1,adjust_flow(delta=0.000),no_alarm
119.495,control,normal_flow,0,normal_bag,inf,120.000,120.000,120.0,1,adjust_flow(delta=0.000),no_alarm
120.495,control,normal_flow,0,normal_bag,inf,120.000,120.000,120.0,1,adjust_flow(delta=0.000),no_alarm
121.495,control,normal_flow,0,normal_bag,inf,120.000,120.000,120.0,1,adjust_flow(delta=0.000),no_alarm
122.495,control,normal_flow,0,normal_bag,inf,120.000,120.000,120.0,1,adjust_flow(delta=0.000),no_alarm
123.495,control,normal_flow,0,normal_bag,inf,120.000,120.000,120.0,1,adjust_flow(delta=0.000),no_alarm
124.495,control,normal_flow,0,normal_bag,inf,120.000,120.000,120.0,1,adjust_flow(delta=0.000),no_alarm
125.495,control,normal_flow,0,normal_bag,inf,120.000,120.000,120.0,1,adjust_flow(delta=0.000),no_alarm
126.495,control,normal_flow,0,normal_bag,inf,120.000,120.000,120.0,1,adjust_flow(delta=0.000),no_alarm
127.495,control,normal_flow,0,normal_bag,inf,120.000,120.000,120.0,1,adjust_flow(delta=0.000),no_alarm
128.495,control,normal_flow,0,normal_bag,inf,120.000,120.000,120.0,1,adjust_flow(delta=0.000),no_alarm
129.495,control,normal_flow,0,normal_bag,inf,120.000,120.000,120.0,1,adjust_flow(delta=0.000),no_alarm
130.495,control,normal_flow,0,normal_bag,inf,120.000,120.000,120.0,1,adjust_flow(delta=0.000),no_alarm
131.495,control,normal_flow,0,normal_bag,inf,120.000,120.000,120.0,1,adjust_flow(delta=0.000),no_alarm
132.495,control,normal_flow,0,normal_bag,inf,120.000,120.000,120.0,1,adjust_flow(delta=0.000),no_alarm
133.495,control,normal_flow,0,normal_bag,inf,120.000,120.000,120.0,1,adjust_flow(delta=0.000),no_alarm
134.495,control,normal_flow,0,normal_bag,inf,120.000,120.000,120.0,1,adjust_flow(delta=0.000),no_alarm
135.495,control,normal_flow,0,normal_bag,inf,120.000,120.000,120.0,1,adjust_flow(delta=0.000),no_alarm
136.495,control,normal_flow,0,normal_bag,inf,120.000,120.000,120.0,1,adjust_flow(delta=0.000),no_alarm
137.495,control,normal_flow,0,normal_bag,inf,120.000,120.000,120.0,1,adjust_flow(delta=0.000),no_alarm
138.495,control,normal_flow,0,normal_bag,inf,120.000,120.000,120.0,1,adjust_flow(delta=0.000),no_alarm
139.495,control,normal_flow,0,normal_bag,inf,120.000,120.000,120.0,1,adjust_flow(delta=0.000),no_alarm
140.495,control,normal_flow,0,normal_bag,inf,120.000,120.000,120.0,1,adjust_flow(delta=0.000),no_alarm
141.495,control,normal_flow,0,normal_bag,inf,120.000,120.000,120.0,1,adjust_flow(delta=0.000),no_alarm
142.495,control,normal_flow,0,normal_bag,inf,120.000,120.000,120.0,1,adjust_flow(delta=0.000),no_alarm
143.495,control,normal_flow,0,normal_bag,inf,120.000,120.000,120.0,1,adjust_flow(delta=0.000),no_alarm
144.495,control,normal_flow,0,normal_bag,inf,120.000,120.000,120.0,1,adjust_flow(delta=0.000),no_alarm
145.495,control,normal_flow,0,normal_bag,inf,120.000,120.000,120.0,1,adjust_flow(delta=0.000),no_alarm
146.495,control,normal_flow,0,normal_bag,inf,120.000,120.000,120.0,1,adjust_flow(delta=0.000),no_alarm
147.495,control,normal_flow,0,normal_bag,inf,120.000,120.000,120.0,1,adjust_flow(delta=0.000),no_alarm
148.495,control,normal_flow,0,normal_bag,inf,120.000,120.000,120.0,1,adjust_flow(delta=0.000),no_alarm
149.495,control,normal_flow,0,normal_bag,inf,120.000,120.000,120.0,1,adjust_flow(delta=0.000),no_alarm
150.495,control,normal_flow,0,normal_bag,inf,120.000,120.000,120.0,1,adjust_flow(delta=0.000),no_alarm
151.495,control,normal_flow,0,normal_bag,inf,120.000,120.000,120.0,1,adjust_flow(delta=0.000),no_alarm
152.495,control,normal_flow,0,normal_bag,inf,120.000,120.000,120.0,1,adjust_flow(delta=0.000),no_alarm
153.495,control,normal_flow,0,normal_bag,inf,120.000,120.000,120.0,1,adjust_flow(delta=0.000),no_alarm
154.495,control,normal_flow,0,normal_bag,inf,120.000,120.000,120.0,1,adjust_flow(delta=0.000),no_alarm
155.495,control,normal_flow,0,normal_bag,inf,120.000,120.000,120.0,1,adjust_flow(delta=0.000),no_alarm
156.495,control,normal_flow,0,normal_bag,inf,120.000,120.000,120.0,1,adjust_flow(delta=0.000),no_alarm
157.495,control,normal_flow,0,normal_bag,inf,120.000,120.000,120.0,1,adjust_flow(delta=0.000),no_alarm
158.495,control,normal_flow,0,normal_bag,inf,120.000,120.000,120.0,1,adjust_flow(delta=0.000),no_alarm
159.495,control,normal_flow,0,normal_bag,inf,120.000,120.000,120.0,1,adjust_flow(delta=0.000),no_alarm
160.495,control,normal_flow,0,normal_bag,inf,120.000,120.000,120.0,1,adjust_flow(delta=0.000),no_alarm
161.495,control,normal_flow,0,normal_bag,inf,120.000,120.000,120.0,1,adjust_flow(delta=0.000),no_alarm
162.495,control,normal_flow,0,normal_bag,inf,120.000,120.000,120.0,1,adjust_flow(delta=0.000),no_alarm
163.495,control,normal_flow,0,normal_bag,inf,120.000,120.000,120.0,1,adjust_flow(delta=0.000),no_alarm
164.495,control,normal_flow,0,normal_bag,inf,120.000,120.000,120.0,1,adjust_flow(delta=0.000),no_alarm
165.495,control,normal_flow,0,normal_bag,inf,120.000,120.000,120.0,1,adjust_flow(delta=0.000),no_alarm
166.495,control,normal_flow,0,normal_bag,inf,120.000,120.000,120.0,1,adjust_flow(delta=0.000),no_alarm
167.495,control,normal_flow,0,normal_bag,inf,120.000,120.000,120.0,1,adjust_flow(delta=0.000),no_alarm
168.495,control,normal_flow,0,normal_bag,inf,120.000,120.000,120.0,1,adjust_flow(delta=0.000),no_alarm
169.495,control,normal_flow,0,normal_bag,inf,120.000,120.000,120.0,1,adjust_flow(delta=0.000),no_alarm
170.495,control,normal_flow,0,normal_bag,inf,120.000,120.000,120.0,1,adjust_flow(delta=0.000),no_alarm
171.495,control,normal_flow,0,normal_bag,inf,120.000,120.000,120.0,1,adjust_flow(delta=0.000),no_alarm
172.495,control,normal_flow,0,normal_bag,inf,120.000,120.000,120.0,1,adjust_flow(delta=0.000),no_alarm
173.495,control,normal_flow,0,normal_bag,inf,120.000,120.000,120.0,1,adjust_flow(delta=0.000),no_alarm
174.495,control,normal_flow,0,normal_bag,inf,120.000,120.000,120.0,1,adjust_flow(delta=0.000),no_alarm
175.495,control,normal_flow,0,normal_bag,inf,120.000,120.000,120.0,1,adjust_flow(delta=0.000),no_alarm
176.495,control,normal_flow,0,normal_bag,inf,120.000,120.000,120.0,1,adjust_flow(delta=0.000),no_alarm
177.495,control,normal_flow,0,normal_bag,inf,120.000,120.000,120.0,1,adjust_flow(delta=0.000),no_alarm
178.495,control,normal_flow,0,normal_bag,inf,120.000,120.000,120.0,1,adjust_flow(delta=0.000),no_alarm
179.495,control,normal_flow,0,normal_bag,inf,120.000,120.000,120.0,1,adjust_flow(delta=0.000),no_alarm
180.495,control,normal_flow,0,normal_bag,inf,120.000,120.000,120.0,1,adjust_flow(delta=0.000),no_alarm
181.495,control,normal_flow,0,normal_bag,inf,120.000,120.000,120.0,1,adjust_flow(delta=0.000),no_alarm
182.495,control,normal_flow,0,normal_bag,inf,120.000,120.000,120.0,1,adjust_flow(delta=0.000),no_alarm
183.495,control,normal_flow,0,normal_bag,inf,120.000,120.000,120.0,1,adjust_flow(delta=0.000),no_alarm
184.495,control,normal_flow,0,normal_bag,inf,120.000,120.000,120.0,1,adjust_flow(delta=0.000),no_alarm
185.495,control,normal_flow,0,normal_bag,inf,120.000,120.000,120.0,1,adjust_flow(delta=0.000),no_alarm
186.495,control,normal_flow,0,normal_bag,inf,120.000,120.000,120.0,1,adjust_flow(delta=0.000),no_alarm
187.495,control,normal_flow,0,normal_bag,inf,120.000,120.000,120.0,1,adjust_flow(delta=0.000),no_alarm
188.495,control,normal_flow,0,normal_bag,inf,120.000,120.000,120.0,1,adjust_flow(delta=0.000),no_alarm
189.495,control,normal_flow,0,normal_bag,inf,120.000,120.000,120.0,1,adjust_flow(delta=0.000),no_alarm
190.495,control,normal_flow,0,normal_bag,inf,120.000,120.000,120.0,1,adjust_flow(delta=0.000),no_alarm
191.495,control,normal_flow,0,normal_bag,inf,120.000,120.000,120.0,1,adjust_flow(delta=0.000),no_alarm
192.495,control,normal_flow,0,normal_bag,inf,120.000,120.000,120.0,1,adjust_flow(delta=0.000),no_alarm
193.495,control,normal_flow,0,normal_bag,inf,120.000,120.000,120.0,1,adjust_flow(delta=0.000),no_alarm
194.495,control,normal_flow,0,normal_bag,inf,120.000,120.000,120.0,1,adjust_flow(delta=0.000),no_alarm
195.495,control,normal_flow,0,normal_bag,inf,120.000,120.000,120.0,1,adjust_flow(delta=0.000),no_alarm
196.495,control,normal_flow,0,normal_bag,inf,120.000,120.000,120.0,1,adjust_flow(delta=0.000),no_alarm
197.495,control,normal_flow,0,normal_bag,inf,120.000,120.000,120.0,1,adjust_flow(delta=0.000),no_alarm
198.495,control,normal_flow,0,normal_bag,inf,120.000,120.000,120.0,1,adjust_flow(delta=0.000),no_alarm
199.495,control,normal_flow,0,normal_bag,inf,120.000,120.000,120.0,1,adjust_flow(delta=0.000),no_alarm
200.495,control,normal_flow,0,normal_bag,inf,120.000,120.000,120.0,1,adjust_flow(delta=0.000),no_alarm
201.495,control,normal_flow,0,normal_bag,inf,120.000,120.000,120.0,1,adjust_flow(delta=0.000),no_alarm
202.495,control,normal_flow,0,normal_bag,inf,120.000,120.000,120.0,1,adjust_flow(delta=0.000),no_alarm
203.495,control,normal_flow,0,normal_bag,inf,120.000,120.000,120.0,1,adjust_flow(delta=0.000),no_alarm
204.495,control,normal_flow,0,normal_bag,inf,120.000,120.000,120.0,1,adjust_flow(delta=0.000),no_alarm
205.495,control,normal_flow,0,normal_bag,inf,120.000,120.000,120.0,1,adjust_flow(delta=0.000),no_alarm
206.495,control,normal_flow,0,normal_bag,inf,120.000,120.000,120.0,1,adjust_flow(delta=0.000),no_alarm
207.495,control,normal_flow,0,normal_bag,inf,120.000,120.000,120.0,1,adjust_flow(delta=0.000),no_alarm
208.495,control,normal_flow,0,normal_bag,inf,120.000,120.000,120.0,1,adjust_flow(delta=0.000),no_alarm
209.495,control,normal_flow,0,normal_bag,inf,120.000,120.000,120.0,1,adjust_flow(delta=0.000),no_alarm
210.495,control,normal_flow,0,normal_bag,inf,120.000,120.000,120.0,1,adjust_flow(delta=0.000),no_alarm
211.495,control,normal_flow,0,normal_bag,inf,120.000,120.000,120.0,1,adjust_flow(delta=0.000),no_alarm
212.495,control,normal_flow,0,normal_bag,inf,120.000,120.000,120.0,1,adjust_flow(delta=0.000),no_alarm
213.495,control,normal_flow,0,normal_bag,inf,120.000,120.000,120.0,1,adjust_flow(delta=0.000),no_alarm
214.495,control,normal_flow,0,normal_bag,inf,120.000,120.000,120.0,1,adjust_flow(delta=0.000),no_alarm
215.495,control,normal_flow,0,normal_bag,inf,120.000,120.000,120.0,1,adjust_flow(delta=0.000),no_alarm
216.495,control,normal_flow,0,normal_bag,inf,120.000,120.000,120.0,1,adjust_flow(delta=0.000),no_alarm
217.495,control,normal_flow,0,normal_bag,inf,120.000,120.000,120.0,1,adjust_flow(delta=0.000),no_alarm
218.495,control,normal_flow,0,normal_bag,inf,120.000,120.000,120.0,1,adjust_flow(delta=0.000),no_alarm
219.495,control,normal_flow,0,normal_bag,inf,120.000,120.000,120.0,1,adjust_flow(delta=0.000),no_alarm
220.495,control,normal_flow,0,normal_bag,inf,120.000,120.000,120.0,1,adjust_flow(delta=0.000),no_alarm
221.495,control,normal_flow,0,normal_bag,inf,120.000,120.000,120.0,1,adjust_flow(delta=0.000),no_alarm
222.495,control,normal_flow,0,normal_bag,inf,120.000,120.000,120.0,1,adjust_flow(delta=0.000),no_alarm
223.495,control,normal_flow,0,normal_bag,inf,120.000,120.000,120.0,1,adjust_flow(delta=0.000),no_alarm
224.495,control,normal_flow,0,normal_bag,inf,120.000,120.000,120.0,1,adjust_flow(delta=0.000),no_alarm
225.495,control,normal_flow,0,normal_bag,inf,120.000,120.000,120.0,1,adjust_flow(delta=0.000),no_alarm
226.495,control,normal_flow,0,normal_bag,inf,120.000,120.000,120.0,1,adjust_flow(delta=0.000),no_alarm
227.495,control,normal_flow,0,normal_bag,inf,120.000,120.000,120.0,1,adjust_flow(delta=0.000),no_alarm
228.495,control,normal_flow,0,normal_bag,inf,120.000,120.000,120.0,1,adjust_flow(delta=0.000),no_alarm
229.495,control,normal_flow,0,normal_bag,inf,120.000,120.000,120.0,1,adjust_flow(delta=0.000),no_alarm
230.495,control,normal_flow,0,normal_bag,inf,120.000,120.000,120.0,1,adjust_flow(delta=0.000),no_alarm
231.495,control,normal_flow,0,normal_bag,inf,120.000,120.000,120.0,1,adjust_flow(delta=0.000),no_alarm
232.495,control,normal_flow,0,normal_bag,inf,120.000,120.000,120.0,1,adjust_flow(delta=0.000),no_alarm
233.495,control,normal_flow,0,normal_bag,inf,120.000,120.000,120.0,1,adjust_flow(delta=0.000),no_alarm
234.495,control,normal_flow,0,normal_bag,inf,120.000,120.000,120.0,1,adjust_flow(delta=0.000),no_alarm
235.495,control,normal_flow,0,normal_bag,inf,120.000,120.000,120.0,1,adjust_flow(delta=0.000),no_alarm
236.495,control,normal_flow,0,normal_bag,inf,120.000,120.000,120.0,1,adjust_flow(delta=0.000),no_alarm
237.495,control,normal_flow,0,normal_bag,inf,120.000,120.000,120.0,1,adjust_flow(delta=0.000),no_alarm
238.495,control,normal_flow,0,normal_bag,inf,120.000,120.000,120.0,1,adjust_flow(delta=0.000),no_alarm
239.495,control,normal_flow,0,normal_bag,inf,120.000,120.000,120.0,1,adjust_flow(delta=0.000),no_alarm
240.495,control,normal_flow,0,normal_bag,inf,120.000,120.000,120.0,1,adjust_flow(delta=0.000),no_alarm
241.495,control,normal_flow,0,normal_bag,inf,120.000,120.000,120.0,1,adjust_flow(delta=0.000),no_alarm
242.495,control,normal_flow,0,normal_bag,inf,120.000,120.000,120.0,1,adjust_flow(delta=0.000),no_alarm
243.495,control,normal_flow,0,normal_bag,inf,120.000,120.000,120.0,1,adjust_flow(delta=0.000),no_alarm
244.495,control,normal_flow,0,normal_bag,inf,120.000,120.000,120.0,1,adjust_flow(delta=0.000),no_alarm
245.495,control,normal_flow,0,normal_bag,inf,120.000,120.000,120.0,1,adjust_flow(delta=0.000),no_alarm
246.495,control,normal_flow,0,normal_bag,inf,120.000,120.000,120.0,1,adjust_flow(delta=0.000),no_alarm
247.495,control,normal_flow,0,normal_bag,inf,120.000,120.000,120.0,1,adjust_flow(delta=0.000),no_alarm
248.495,control,normal_flow,0,normal_bag,inf,120.000,120.000,120.0,1,adjust_flow(delta=0.000),no_alarm
249.495,control,normal_flow,0,normal_bag,inf,120.000,120.000,120.0,1,adjust_flow(delta=0.000),no_alarm
250.495,control,normal_flow,0,normal_bag,inf,120.000,120.000,120.0,1,adjust_flow(delta=0.000),no_alarm
251.495,control,normal_flow,0,normal_bag,inf,120.000,120.000,120.0,1,adjust_flow(delta=0.000),no_alarm
252.495,control,normal_flow,0,normal_bag,inf,120.000,120.000,120.0,1,adjust_flow(delta=0.000),no_alarm
253.495,control,normal_flow,0,normal_bag,inf,120.000,120.000,120.0,1,adjust_flow(delta=0.000),no_alarm
254.495,control,normal_flow,0,normal_bag,inf,120.000,120.000,120.0,1,adjust_flow(delta=0.000),no_alarm
255.495,control,normal_flow,0,normal_bag,inf,120.000,120.000,120.0,1,adjust_flow(delta=0.000),no_alarm
256.495,control,normal_flow,0,normal_bag,inf,120.000,120.000,120.0,1,adjust_flow(delta=0.000),no_alarm
257.495,control,normal_flow,0,normal_bag,inf,120.000,120.000,120.0,1,adjust_flow(delta=0.000),no_alarm
258.495,control,normal_flow,0,normal_bag,inf,120.000,120.000,120.0,1,adjust_flow(delta=0.000),no_alarm
259.495,control,normal_flow,0,normal_bag,inf,120.000,120.000,120.0,1,adjust_flow(delta=0.000),no_alarm
260.495,control,normal_flow,0,normal_bag,inf,120.000,120.000,120.0,1,adjust_flow(delta=0.000),no_alarm
261.495,control,normal_flow,0,normal_bag,inf,120.000,120.000,120.0,1,adjust_flow(delta=0.000),no_alarm
262.495,control,normal_flow,0,normal_bag,inf,120.000,120.000,120.0,1,adjust_flow(delta=0.000),no_alarm
263.495,control,normal_flow,0,normal_bag,inf,120.000,120.000,120.0,1,adjust_flow(delta=0.000),no_alarm
264.495,control,normal_flow,0,normal_bag,inf,120.000,120.000,120.0,1,adjust_flow(delta=0.000),no_alarm
265.495,control,normal_flow,0,normal_bag,inf,120.000,120.000,120.0,1,adjust_flow(delta=0.000),no_alarm
266.495,control,normal_flow,0,normal_bag,inf,120.000,120.000,120.0,1,adjust_flow(delta=0.000),no_alarm
267.495,control,normal_flow,0,normal_bag,inf,120.000,120.000,120.0,1,adjust_flow(delta=0.000),no_alarm
268.495,control,normal_flow,0,normal_bag,inf,120.000,120.000,120.0,1,adjust_flow(delta=0.000),no_alarm
269.495,control,normal_flow,0,normal_bag,inf,120.000,120.000,120.0,1,adjust_flow(delta=0.000),no_alarm
270.495,control,normal_flow,0,normal_bag,inf,120.000,120.000,120.0,1,adjust_flow(delta=0.000),no_alarm
271.495,control,normal_flow,0,normal_bag,inf,120.000,120.000,120.0,1,adjust_flow(delta=0.000),no_alarm
272.495,control,normal_flow,0,normal_bag,inf,120.000,120.000,120.0,1,adjust_flow(delta=0.000),no_alarm
273.495,control,normal_flow,0,normal_bag,inf,120.000,120.000,120.0,1,adjust_flow(delta=0.000),no_alarm
274.495,control,normal_flow,0,normal_bag,inf,120.000,120.000,120.0,1,adjust_flow(delta=0.000),no_alarm
275.495,control,normal_flow,0,normal_bag,inf,120.000,120.000,120.0,1,adjust_flow(delta=0.000),no_alarm
276.495,control,normal_flow,0,normal_bag,inf,120.000,120.000,120.0,1,adjust_flow(delta=0.000),no_alarm
277.495,control,normal_flow,0,normal_bag,inf,120.000,120.000,120.0,1,adjust_flow(delta=0.000),no_alarm
278.495,control,normal_flow,0,normal_bag,inf,120.000,120.000,120.0,1,adjust_flow(delta=0.000),no_alarm
279.495,control,normal_flow,0,normal_bag,inf,120.000,120.000,120.0,1,adjust_flow(delta=0.000),no_alarm
280.495,control,normal_flow,0,normal_bag,inf,120.000,120.000,120.0,1,adjust_flow(delta=0.000),no_alarm
281.495,control,normal_flow,0,normal_bag,inf,120.000,120.000,120.0,1,adjust_flow(delta=0.000),no_alarm
282.495,control,normal_flow,0,normal_bag,inf,120.000,120.000,120.0,1,adjust_flow(delta=0.000),no_alarm
283.495,control,normal_flow,0,normal_bag,inf,120.000,120.000,120.0,1,adjust_flow(delta=0.000),no_alarm
284.495,control,normal_flow,0,normal_bag,inf,120.000,120.000,120.0,1,adjust_flow(delta=0.000),no_alarm
285.495,control,normal_flow,0,normal_bag,inf,120.000,120.000,120.0,1,adjust_flow(delta=0.000),no_alarm
286.495,control,normal_flow,0,normal_bag,inf,120.000,120.000,120.0,1,adjust_flow(delta=0.000),no_alarm
287.495,control,normal_flow,0,normal_bag,inf,120.000,120.000,120.0,1,adjust_flow(delta=0.000),no_alarm
288.495,control,normal_flow,0,normal_bag,inf,120.000,120.000,120.0,1,adjust_flow(delta=0.000),no_alarm
289.495,control,normal_flow,0,normal_bag,inf,120.000,120.000,120.0,1,adjust_flow(delta=0.000),no_alarm
290.495,control,normal_flow,0,normal_bag,inf,120.000,120.000,120.0,1,adjust_flow(delta=0.000),no_alarm
291.495,control,normal_flow,0,normal_bag,inf,120.000,120.000,120.0,1,adjust_flow(delta=0.000),no_alarm
292.495,control,normal_flow,0,normal_bag,inf,120.000,120.000,120.0,1,adjust_flow(delta=0.000),no_alarm
293.495,control,normal_flow,0,normal_bag,inf,120.000,120.000,120.0,1,adjust_flow(delta=0.000),no_alarm
294.495,control,normal_flow,0,normal_bag,inf,120.000,120.000,120.0,1,adjust_flow(delta=0.000),no_alarm
295.495,control,normal_flow,0,normal_bag,inf,120.000,120.000,120.0,1,adjust_flow(delta=0.000),no_alarm
296.495,control,normal_flow,0,normal_bag,inf,120.000,120.000,120.0,1,adjust_flow(delta=0.000),no_alarm
297.495,control,normal_flow,0,normal_bag,inf,120.000,120.000,120.0,1,adjust_flow(delta=0.000),no_alarm
298.495,control,normal_flow,0,normal_bag,inf,120.000,120.000,120.0,1,adjust_flow(delta=0.000),no_alarm
299.495,control,normal_flow,0,normal_bag,inf,120.000,120.000,120.0,1,adjust_flow(delta=0.000),no_alarm
300.495,control,normal_flow,0,normal_bag,inf,120.000,120.000,120.0,1,adjust_flow(delta=0.000),no_alarm
301.495,control,normal_flow,0,normal_bag,inf,120.000,120.000,120.0,1,adjust_flow(delta=0.000),no_alarm
302.495,control,normal_flow,0,normal_bag,inf,120.000,120.000,120.0,1,adjust_flow(delta=0.000),no_alarm
303.495,control,normal_flow,0,normal_bag,inf,120.000,120.000,120.0,1,adjust_flow(delta=0.000),no_alarm
304.495,control,normal_flow,0,normal_bag,inf,120.000,120.000,120.0,1,adjust_flow(delta=0.000),no_alarm
305.495,control,normal_flow,0,normal_bag,inf,120.000,120.000,120.0,1,adjust_flow(delta=0.000),no_alarm
306.495,control,normal_flow,0,normal_bag,inf,120.000,120.000,120.0,1,adjust_flow(delta=0.000),no_alarm
307.495,control,normal_flow,0,normal_bag,inf,120.000,120.000,120.0,1,adjust_flow(delta=0.000),no_alarm
308.495,control,normal_flow,0,normal_bag,inf,120.000,120.000,120.0,1,adjust_flow(delta=0.000),no_alarm
309.495,control,normal_flow,0,normal_bag,inf,120.000,120.000,120.0,1,adjust_flow(delta=0.000),no_alarm
310.495,control,normal_flow,0,normal_bag,inf,120.000,120.000,120.0,1,adjust_flow(delta=0.000),no_alarm
311.495,control,normal_flow,0,normal_bag,inf,120.000,120.000,120.0,1,adjust_flow(delta=0.000),no_alarm
312.495,control,normal_flow,0,normal_bag,inf,120.000,120.000,120.0,1,adjust_flow(delta=0.000),no_alarm
313.495,control,normal_flow,0,normal_bag,inf,120.000,120.000,120.0,1,adjust_flow(delta=0.000),no_alarm
314.495,control,normal_flow,0,normal_bag,inf,120.000,120.000,120.0,1,adjust_flow(delta=0.000),no_alarm
315.495,control,normal_flow,0,normal_bag,inf,120.000,120.000,120.0,1,adjust_flow(delta=0.000),no_alarm
316.495,control,normal_flow,0,normal_bag,inf,120.000,120.000,120.0,1,adjust_flow(delta=0.000),no_alarm
317.495,control,normal_flow,0,normal_bag,inf,120.000,120.000,120.0,1,adjust_flow(delta=0.000),no_alarm
318.495,control,normal_flow,0,normal_bag,inf,120.000,120.000,120.0,1,adjust_flow(delta=0.000),no_alarm
319.495,control,normal_flow,0,normal_bag,inf,120.000,120.000,120.0,1,adjust_flow(delta=0.000),no_alarm
320.495,control,normal_flow,0,normal_bag,inf,120.000,120.000,120.0,1,adjust_flow(delta=0.000),no_alarm
321.495,control,normal_flow,0,normal_bag,inf,120.000,120.000,120.0,1,adjust_flow(delta=0.000),no_alarm
322.495,control,normal_flow,0,normal_bag,inf,120.000,120.000,120.0,1,adjust_flow(delta=0.000),no_alarm
323.495,control,normal_flow,0,normal_bag,inf,120.000,120.000,120.0,1,adjust_flow(delta=0.000),no_alarm
324.495,control,normal_flow,0,normal_bag,inf,120.000,120.000,120.0,1,adjust_flow(delta=0.000),no_alarm
325.495,control,normal_flow,0,normal_bag,inf,120.000,120.000,120.0,1,adjust_flow(delta=0.000),no_alarm
326.495,control,normal_flow,0,normal_bag,inf,120.000,120.000,120.0,1,adjust_flow(delta=0.000),no_alarm
327.495,control,normal_flow,0,normal_bag,inf,120.000,120.000,120.0,1,adjust_flow(delta=0.000),no_alarm
328.495,control,normal_flow,0,normal_bag,inf,120.000,120.000,120.0,1,adjust_flow(delta=0.000),no_alarm
329.495,control,normal_flow,0,normal_bag,inf,120.000,120.000,120.0,1,adjust_flow(delta=0.000),no_alarm
330.495,control,normal_flow,0,normal_bag,inf,120.000,120.000,120.0,1,adjust_flow(delta=0.000),no_alarm
331.495,control,normal_flow,0,normal_bag,inf,120.000,120.000,120.0,1,adjust_flow(delta=0.000),no_alarm
332.495,control,normal_flow,0,normal_bag,inf,120.000,120.000,120.0,1,adjust_flow(delta=0.000),no_alarm
333.495,control,normal_flow,0,normal_bag,inf,120.000,120.000,120.0,1,adjust_flow(delta=0.000),no_alarm
334.495,control,normal_flow,0,normal_bag,inf,120.000,120.000,120.0,1,adjust_flow(delta=0.000),no_alarm
335.495,control,normal_flow,0,normal_bag,inf,120.000,120.000,120.0,1,adjust_flow(delta=0.000),no_alarm
336.495,control,normal_flow,0,normal_bag,inf,120.000,120.000,120.0,1,adjust_flow(delta=0.000),no_alarm
337.495,control,normal_flow,0,normal_bag,inf,120.000,120.000,120.0,1,adjust_flow(delta=0.000),no_alarm
338.495,control,normal_flow,0,normal_bag,inf,120.000,120.000,120.0,1,adjust_flow(delta=0.000),no_alarm
339.495,control,normal_flow,0,normal_bag,inf,120.000,120.000,120.0,1,adjust_flow(delta=0.000),no_alarm
340.495,control,normal_flow,0,normal_bag,inf,120.000,120.000,120.0,1,adjust_flow(delta=0.000),no_alarm
341.495,control,normal_flow,0,normal_bag,inf,120.000,120.000,120.0,1,adjust_flow(delta=0.000),no_alarm
342.495,control,normal_flow,0,normal_bag,inf,120.000,120.000,120.0,1,adjust_flow(delta=0.000),no_alarm
343.495,control,normal_flow,0,normal_bag,inf,120.000,120.000,120.0,1,adjust_flow(delta=0.000),no_alarm
344.495,control,normal_flow,0,normal_bag,inf,120.000,120.000,120.0,1,adjust_flow(delta=0.000),no_alarm
345.495,control,normal_flow,0,normal_bag,inf,120.000,120.000,120.0,1,adjust_flow(delta=0.000),no_alarm
346.495,control,normal_flow,0,normal_bag,inf,120.000,120.000,120.0,1,adjust_flow(delta=0.000),no_alarm
347.495,control,normal_flow,0,normal_bag,inf,120.000,120.000,120.0,1,adjust_flow(delta=0.000),no_alarm
348.495,control,normal_flow,0,normal_bag,inf,120.000,120.000,120.0,1,adjust_flow(delta=0.000),no_alarm
349.495,control,normal_flow,0,normal_bag,inf,120.000,120.000,120.0,1,adjust_flow(delta=0.000),no_alarm
350.495,control,normal_flow,0,normal_bag,inf,120.000,120.000,120.0,1,adjust_flow(delta=0.000),no_alarm
351.495,control,normal_flow,0,normal_bag,inf,120.000,120.000,120.0,1,adjust_flow(delta=0.000),no_alarm
352.495,control,normal_flow,0,normal_bag,inf,120.000,120.000,120.0,1,adjust_flow(delta=0.000),no_alarm
353.495,control,normal_flow,0,normal_bag,inf,120.000,120.000,120.0,1,adjust_flow(delta=0.000),no_alarm
354.495,control,normal_flow,0,normal_bag,inf,120.000,120.000,120.0,1,adjust_flow(delta=0.000),no_alarm
355.495,control,normal_flow,0,normal_bag,inf,120.000,120.000,120.0,1,adjust_flow(delta=0.000),no_alarm
356.495,control,normal_flow,0,normal_bag,inf,120.000,120.000,120.0,1,adjust_flow(delta=0.000),no_alarm
357.495,control,normal_flow,0,normal_bag,inf,120.000,120.000,120.0,1,adjust_flow(delta=0.000),no_alarm
358.495,control,normal_flow,0,normal_bag,inf,120.000,120.000,120.0,1,adjust_flow(delta=0.000),no_alarm
359.495,control,normal_flow,0,normal_bag,inf,120.000,120.000,120.0,1,adjust_flow(delta=0.000),no_alarm
360.495,control,normal_flow,0,normal_bag,inf,120.000,120.000,120.0,1,adjust_flow(delta=0.000),no_alarm
361.495,control,normal_flow,0,normal_bag,inf,120.000,120.000,120.0,1,adjust_flow(delta=0.000),no_alarm
362.495,control,normal_flow,0,normal_bag,inf,120.000,120.000,120.0,1,adjust_flow(delta=0.000),no_alarm
363.495,control,normal_flow,0,normal_bag,inf,120.000,120.000,120.0,1,adjust_flow(delta=0.000),no_alarm
364.495,control,normal_flow,0,normal_bag,inf,120.000,120.000,120.0,1,adjust_flow(delta=0.000),no_alarm
365.495,control,normal_flow,0,normal_bag,inf,120.000,120.000,120.0,1,adjust_flow(delta=0.000),no_alarm
366.495,control,normal_flow,0,normal_bag,inf,120.000,120.000,120.0,1,adjust_flow(delta=0.000),no_alarm
367.495,control,normal_flow,0,normal_bag,inf,120.000,120.000,120.0,1,adjust_flow(delta=0.000),no_alarm
368.495,control,normal_flow,0,normal_bag,inf,120.000,120.000,120.0,1,adjust_flow(delta=0.000),no_alarm
369.495,control,normal_flow,0,normal_bag,inf,120.000,120.000,120.0,1,adjust_flow(delta=0.000),no_alarm
370.495,control,normal_flow,0,normal_bag,inf,120.000,120.000,120.0,1,adjust_flow(delta=0.000),no_alarm
371.495,control,normal_flow,0,normal_bag,inf,120.000,120.000,120.0,1,adjust_flow(delta=0.000),no_alarm
372.495,control,normal_flow,0,normal_bag,inf,120.000,120.000,120.0,1,adjust_flow(delta=0.000),no_alarm
373.495,control,normal_flow,0,normal_bag,inf,120.000,120.000,120.0,1,adjust_flow(delta=0.000),no_alarm
374.495,control,normal_flow,0,normal_bag,inf,120.000,120.000,120.0,1,adjust_flow(delta=0.000),no_alarm
375.495,control,normal_flow,0,normal_bag,inf,120.000,120.000,120.0,1,adjust_flow(delta=0.000),no_alarm
376.495,control,normal_flow,0,normal_bag,inf,120.000,120.000,120.0,1,adjust_flow(delta=0.000),no_alarm
377.495,control,normal_flow,0,normal_bag,inf,120.000,120.000,120.0,1,adjust_flow(delta=0.000),no_alarm
378.495,control,normal_flow,0,normal_bag,inf,120.000,120.000,120.0,1,adjust_flow(delta=0.000),no_alarm
379.495,control,normal_flow,0,normal_bag,inf,120.000,120.000,120.0,1,adjust_flow(delta=0.000),no_alarm
380.495,control,normal_flow,0,normal_bag,inf,120.000,120.000,120.0,1,adjust_flow(delta=0.000),no_alarm
381.495,control,normal_flow,0,normal_bag,inf,120.000,120.000,120.0,1,adjust_flow(delta=0.000),no_alarm
382.495,control,normal_flow,0,normal_bag,inf,120.000,120.000,120.0,1,adjust_flow(delta=0.000),no_alarm
383.495,control,normal_flow,0,normal_bag,inf,120.000,120.000,120.0,1,adjust_flow(delta=0.000),no_alarm
384.495,control,normal_flow,0,normal_bag,inf,120.000,120.000,120.0,1,adjust_flow(delta=0.000),no_alarm
385.495,control,normal_flow,0,normal_bag,inf,120.000,120.000,120.0,1,adjust_flow(delta=0.000),no_alarm
386.495,control,normal_flow,0,normal_bag,inf,120.000,120.000,120.0,1,adjust_flow(delta=0.000),no_alarm
387.495,control,normal_flow,0,normal_bag,inf,120.000,120.000,120.0,1,adjust_flow(delta=0.000),no_alarm
388.495,control,normal_flow,0,normal_bag,inf,120.000,120.000,120.0,1,adjust_flow(delta=0.000),no_alarm
389.495,control,normal_flow,0,normal_bag,inf,120.000,120.000,120.0,1,adjust_flow(delta=0.000),no_alarm
390.495,control,normal_flow,0,normal_bag,inf,120.000,120.000,120.0,1,adjust_flow(delta=0.000),no_alarm
391.495,control,normal_flow,0,normal_bag,inf,120.000,120.000,120.0,1,adjust_flow(delta=0.000),no_alarm
392.495,control,normal_flow,0,normal_bag,inf,120.000,120.000,120.0,1,adjust_flow(delta=0.000),no_alarm
393.495,control,normal_flow,0,normal_bag,inf,120.000,120.000,120.0,1,adjust_flow(delta=0.000),no_alarm
394.495,control,normal_flow,0,normal_bag,inf,120.000,120.000,120.0,1,adjust_flow(delta=0.000),no_alarm
395.495,control,normal_flow,0,normal_bag,inf,120.000,120.000,120.0,1,adjust_flow(delta=0.000),no_alarm
396.495,control,normal_flow,0,normal_bag,inf,120.000,120.000,120.0,1,adjust_flow(delta=0.000),no_alarm
397.495,control,normal_flow,0,normal_bag,inf,120.000,120.000,120.0,1,adjust_flow(delta=0.000),no_alarm
398.495,control,normal_flow,0,normal_bag,inf,120.000,120.000,120.0,1,adjust_flow(delta=0.000),no_alarm
399.495,control,normal_flow,0,normal_bag,inf,120.000,120.000,120.0,1,adjust_flow(delta=0.000),no_alarm
400.495,control,normal_flow,0,normal_bag,inf,120.000,120.000,120.0,1,adjust_flow(delta=0.000),no_alarm
401.495,control,normal_flow,0,normal_bag,inf,120.000,120.000,120.0,1,adjust_flow(delta=0.000),no_alarm
402.495,control,normal_flow,0,normal_bag,inf,120.000,120.000,120.0,1,adjust_flow(delta=0.000),no_alarm
403.495,control,normal_flow,0,normal_bag,inf,120.000,120.000,120.0,1,adjust_flow(delta=0.000),no_alarm
404.495,control,normal_flow,0,normal_bag,inf,120.000,120.000,120.0,1,adjust_flow(delta=0.000),no_alarm
405.495,control,normal_flow,0,normal_bag,inf,120.000,120.000,120.0,1,adjust_flow(delta=0.000),no_alarm
406.495,control,normal_flow,0,normal_bag,inf,120.000,120.000,120.0,1,adjust_flow(delta=0.000),no_alarm
407.495,control,normal_flow,0,normal_bag,inf,120.000,120.000,120.0,1,adjust_flow(delta=0.000),no_alarm
408.495,control,normal_flow,0,normal_bag,inf,120.000,120.000,120.0,1,adjust_flow(delta=0.000),no_alarm
409.495,control,normal_flow,0,normal_bag,inf,120.000,120.000,120.0,1,adjust_flow(delta=0.000),no_alarm
410.495,control,normal_flow,0,normal_bag,inf,120.000,120.000,120.0,1,adjust_flow(delta=0.000),no_alarm
411.495,control,normal_flow,0,normal_bag,inf,120.000,120.000,120.0,1,adjust_flow(delta=0.000),no_alarm
412.495,control,normal_flow,0,normal_bag,inf,120.000,120.000,120.0,1,adjust_flow(delta=0.000),no_alarm
413.495,control,normal_flow,0,normal_bag,inf,120.000,120.000,120.0,1,adjust_flow(delta=0.000),no_alarm
414.495,control,normal_flow,0,normal_bag,inf,120.000,120.000,120.0,1,adjust_flow(delta=0.000),no_alarm
415.495,control,normal_flow,0,normal_bag,inf,120.000,120.000,120.0,1,adjust_flow(delta=0.000),no_alarm
416.495,control,normal_flow,0,normal_bag,inf,120.000,120.000,120.0,1,adjust_flow(delta=0.000),no_alarm
417.495,control,normal_flow,0,normal_bag,inf,120.000,120.000,120.0,1,adjust_flow(delta=0.000),no_alarm
418.495,control,normal_flow,0,normal_bag,inf,120.000,120.000,120.0,1,adjust_flow(delta=0.000),no_alarm
419.495,control,normal_flow,0,normal_bag,inf,120.000,120.000,120.0,1,adjust_flow(delta=0.000),no_alarm
420.495,control,normal_flow,0,normal_bag,inf,120.000,120.000,120.0,1,adjust_flow(delta=0.000),no_alarm
421.495,control,normal_flow,0,normal_bag,inf,120.000,120.000,120.0,1,adjust_flow(delta=0.000),no_alarm
422.495,control,normal_flow,0,normal_bag,inf,120.000,120.000,120.0,1,adjust_flow(delta=0.000),no_alarm
423.495,control,normal_flow,0,normal_bag,inf,120.000,120.000,120.0,1,adjust_flow(delta=0.000),no_alarm
424.495,control,normal_flow,0,normal_bag,inf,120.000,120.000,120.0,1,adjust_flow(delta=0.000),no_alarm
425.495,control,normal_flow,0,normal_bag,inf,120.000,120.000,120.0,1,adjust_flow(delta=0.000),no_alarm
426.495,control,normal_flow,0,normal_bag,inf,120.000,120.000,120.0,1,adjust_flow(delta=0.000),no_alarm
427.495,control,normal_flow,0,normal_bag,inf,120.000,120.000,120.0,1,adjust_flow(delta=0.000),no_alarm
428.495,control,normal_flow,0,normal_bag,inf,120.000,120.000,120.0,1,adjust_flow(delta=0.000),no_alarm
429.495,control,normal_flow,0,normal_bag,inf,120.000,120.000,120.0,1,adjust_flow(delta=0.000),no_alarm
430.495,control,normal_flow,0,normal_bag,inf,120.000,120.000,120.0,1,adjust_flow(delta=0.000),no_alarm
431.495,control,normal_flow,0,normal_bag,inf,120.000,120.000,120.0,1,adjust_flow(delta=0.000),no_alarm
432.495,control,normal_flow,0,normal_bag,inf,120.000,120.000,120.0,1,adjust_flow(delta=0.000),no_alarm
433.495,control,normal_flow,0,normal_bag,inf,120.000,120.000,120.0,1,adjust_flow(delta=0.000),no_alarm
434.495,control,normal_flow,0,normal_bag,inf,120.000,120.000,120.0,1,adjust_flow(delta=0.000),no_alarm
435.495,control,normal_flow,0,normal_bag,inf,120.000,120.000,120.0,1,adjust_flow(delta=0.000),no_alarm
436.495,control,normal_flow,0,normal_bag,inf,120.000,120.000,120.0,1,adjust_flow(delta=0.000),no_alarm
437.495,control,normal_flow,0,normal_bag,inf,120.000,120.000,120.0,1,adjust_flow(delta=0.000),no_alarm
438.495,control,normal_flow,0,normal_bag,inf,120.000,120.000,120.0,1,adjust_flow(delta=0.000),no_alarm
439.495,control,normal_flow,0,normal_bag,inf,120.000,120.000,120.0,1,adjust_flow(delta=0.000),no_alarm
440.495,control,normal_flow,0,normal_bag,inf,120.000,120.000,120.0,1,adjust_flow(delta=0.000),no_alarm
441.495,control,normal_flow,0,normal_bag,inf,120.000,120.000,120.0,1,adjust_flow(delta=0.000),no_alarm
442.495,control,normal_flow,0,normal_bag,inf,120.000,120.000,120.0,1,adjust_flow(delta=0.000),no_alarm
443.495,control,normal_flow,0,normal_bag,inf,120.000,120.000,120.0,1,adjust_flow(delta=0.000),no_alarm
444.495,control,normal_flow,0,normal_bag,inf,120.000,120.000,120.0,1,adjust_flow(delta=0.000),no_alarm
445.495,control,normal_flow,0,normal_bag,inf,120.000,120.000,120.0,1,adjust_flow(delta=0.000),no_alarm
446.495,control,normal_flow,0,normal_bag,inf,120.000,120.000,120.0,1,adjust_flow(delta=0.000),no_alarm
447.495,control,normal_flow,0,normal_bag,inf,120.000,120.000,120.0,1,adjust_flow(delta=0.000),no_alarm
448.495,control,normal_flow,0,normal_bag,inf,120.000,120.000,120.0,1,adjust_flow(delta=0.000),no_alarm
449.495,control,normal_flow,0,normal_bag,inf,120.000,120.000,120.0,1,adjust_flow(delta=0.000),no_alarm
450.495,control,normal_flow,0,normal_bag,inf,120.000,120.000,120.0,1,adjust_flow(delta=0.000),no_alarm
451.495,control,normal_flow,0,normal_bag,inf,120.000,120.000,120.0,1,adjust_flow(delta=0.000),no_alarm
452.495,control,normal_flow,0,normal_bag,inf,120.000,120.000,120.0,1,adjust_flow(delta=0.000),no_alarm
453.495,control,normal_flow,0,normal_bag,inf,120.000,120.000,120.0,1,adjust_flow(delta=0.000),no_alarm
454.495,control,normal_flow,0,normal_bag,inf,120.000,120.000,120.0,1,adjust_flow(delta=0.000),no_alarm
455.495,control,normal_flow,0,normal_bag,inf,120.000,120.000,120.0,1,adjust_flow(delta=0.000),no_alarm
456.495,control,normal_flow,0,normal_bag,inf,120.000,120.000,120.0,1,adjust_flow(delta=0.000),no_alarm
457.495,control,normal_flow,0,normal_bag,inf,120.000,120.000,120.0,1,adjust_flow(delta=0.000),no_alarm
458.495,control,normal_flow,0,normal_bag,inf,120.000,120.000,120.0,1,adjust_flow(delta=0.000),no_alarm
459.495,control,normal_flow,0,normal_bag,inf,120.000,120.000,120.0,1,adjust_flow(delta=0.000),no_alarm
460.495,control,normal_flow,0,normal_bag,inf,120.000,120.000,120.0,1,adjust_flow(delta=0.000),no_alarm
461.495,control,normal_flow,0,normal_bag,inf,120.000,120.000,120.0,1,adjust_flow(delta=0.000),no_alarm
462.495,control,normal_flow,0,normal_bag,inf,120.000,120.000,120.0,1,adjust_flow(delta=0.000),no_alarm
463.495,control,normal_flow,0,normal_bag,inf,120.000,120.000,120.0,1,adjust_flow(delta=0.000),no_alarm
464.495,control,normal_flow,0,normal_bag,inf,120.000,120.000,120.0,1,adjust_flow(delta=0.000),no_alarm
465.495,control,normal_flow,0,normal_bag,inf,120.000,120.000,120.0,1,adjust_flow(delta=0.000),no_alarm
466.495,control,normal_flow,0,normal_bag,inf,120.000,120.000,120.0,1,adjust_flow(delta=0.000),no_alarm
467.495,control,normal_flow,0,normal_bag,inf,120.000,120.000,120.0,1,adjust_flow(delta=0.000),no_alarm
468.495,control,normal_flow,0,normal_bag,inf,120.000,120.000,120.0,1,adjust_flow(delta=0.000),no_alarm
469.495,control,normal_flow,0,normal_bag,inf,120.000,120.000,120.0,1,adjust_flow(delta=0.000),no_alarm
470.495,control,normal_flow,0,normal_bag,inf,120.000,120.000,120.0,1,adjust_flow(delta=0.000),no_alarm
471.495,control,normal_flow,0,normal_bag,inf,120.000,120.000,120.0,1,adjust_flow(delta=0.000),no_alarm
472.495,control,normal_flow,0,normal_bag,inf,120.000,120.000,120.0,1,adjust_flow(delta=0.000),no_alarm
473.495,control,normal_flow,0,normal_bag,inf,120.000,120.000,120.0,1,adjust_flow(delta=0.000),no_alarm
474.495,control,normal_flow,0,normal_bag,inf,120.000,120.000,120.0,1,adjust_flow(delta=0.000),no_alarm
475.495,control,normal_flow,0,normal_bag,inf,120.000,120.000,120.0,1,adjust_flow(delta=0.000),no_alarm
476.495,control,normal_flow,0,normal_bag,inf,120.000,120.000,120.0,1,adjust_flow(delta=0.000),no_alarm
477.495,control,normal_flow,0,normal_bag,inf,120.000,120.000,120.0,1,adjust_flow(delta=0.000),no_alarm
478.495,control,normal_flow,0,normal_bag,inf,120.000,120.000,120.0,1,adjust_flow(delta=0.000),no_alarm
479.495,control,normal_flow,0,normal_bag,inf,120.000,120.000,120.0,1,adjust_flow(delta=0.000),no_alarm
480.495,control,normal_flow,0,normal_bag,inf,120.000,120.000,120.0,1,adjust_flow(delta=0.000),no_alarm
481.495,control,normal_flow,0,normal_bag,inf,120.000,120.000,120.0,1,adjust_flow(delta=0.000),no_alarm
482.495,control,normal_flow,0,normal_bag,inf,120.000,120.000,120.0,1,adjust_flow(delta=0.000),no_alarm
483.495,control,normal_flow,0,normal_bag,inf,120.000,120.000,120.0,1,adjust_flow(delta=0.000),no_alarm
484.495,control,normal_flow,0,normal_bag,inf,120.000,120.000,120.0,1,adjust_flow(delta=0.000),no_alarm
485.495,control,normal_flow,0,normal_bag,inf,120.000,120.000,120.0,1,adjust_flow(delta=0.000),no_alarm
486.495,control,normal_flow,0,normal_bag,inf,120.000,120.000,120.0,1,adjust_flow(delta=0.000),no_alarm
487.495,control,normal_flow,0,normal_bag,inf,120.000,120.000,120.0,1,adjust_flow(delta=0.000),no_alarm
488.495,control,normal_flow,0,normal_bag,inf,120.000,120.000,120.0,1,adjust_flow(delta=0.000),no_alarm
489.495,control,normal_flow,0,normal_bag,inf,120.000,120.000,120.0,1,adjust_flow(delta=0.000),no_alarm
490.495,control,normal_flow,0,normal_bag,inf,120.000,120.000,120.0,1,adjust_flow(delta=0.000),no_alarm
491.495,control,normal_flow,0,normal_bag,inf,120.000,120.000,120.0,1,adjust_flow(delta=0.000),no_alarm
492.495,control,normal_flow,0,normal_bag,inf,120.000,120.000,120.0,1,adjust_flow(delta=0.000),no_alarm
493.495,control,normal_flow,0,normal_bag,inf,120.000,120.000,120.0,1,adjust_flow(delta=0.000),no_alarm
494.495,control,normal_flow,0,normal_bag,inf,120.000,120.000,120.0,1,adjust_flow(delta=0.000),no_alarm
495.495,control,normal_flow,0,normal_bag,inf,120.000,120.000,120.0,1,adjust_flow(delta=0.000),no_alarm
496.495,control,normal_flow,0,normal_bag,inf,120.000,120.000,120.0,1,adjust_flow(delta=0.000),no_alarm
497.495,control,normal_flow,0,normal_bag,inf,120.000,120.000,120.0,1,adjust_flow(delta=0.000),no_alarm
498.495,control,normal_flow,0,normal_bag,inf,120.000,120.000,120.0,1,adjust_flow(delta=0.000),no_alarm
499.495,control,normal_flow,0,normal_bag,inf,120.000,120.000,120.0,1,adjust_flow(delta=0.000),no_alarm
