time,event_type,flow_state,tolerance_count,bag_state,bag_time_remaining,actual_flow,target_flow,medical_order,actions_count,actions,alarm_state
2.409,control,normal_flow,0.0,normal_bag,inf,0.000,200.000,200.0,1,adjust_flow(delta=200.000),no_alarm
3.087,control,normal_flow,1.0,normal_bag,inf,44.172,200.000,200.0,1,adjust_flow(delta=155.828),no_alarm
4.087,control,normal_flow,2.0,normal_bag,inf,44.172,200.000,200.0,1,adjust_flow(delta=155.828),no_alarm
5.087,control,normal_flow,3.0,normal_bag,inf,44.172,200.000,200.0,1,adjust_flow(delta=155.828),no_alarm
6.087,control,normal_flow,4.0,normal_bag,inf,132.176,200.000,200.0,1,adjust_flow(delta=67.824),no_alarm
7.087,control,normal_flow,5.0,normal_bag,inf,132.176,200.000,200.0,1,adjust_flow(delta=67.824),no_alarm
8.087,control,normal_flow,5.0,normal_bag,inf,132.176,200.000,200.0,1,medium_alarm,no_alarm
8.087,alarm,normal_flow,5.0,normal_bag,inf,132.176,200.000,200.0,1,medium_alarm,medium_alarm
9.087,control,medium_flow,2,normal_bag,inf,132.176,200.000,200.0,1,adjust_flow(delta=67.824),medium_alarm
10.087,control,medium_flow,3,normal_bag,inf,132.176,200.000,200.0,1,adjust_flow(delta=67.824),medium_alarm
11.087,control,medium_flow,4,normal_bag,inf,132.176,200.000,200.0,1,adjust_flow(delta=67.824),medium_alarm
12.087,control,medium_flow,5,normal_bag,inf,132.176,200.000,200.0,1,adjust_flow(delta=67.824),medium_alarm
13.087,control,medium_flow,5,normal_bag,inf,132.176,200.000,200.0,2,critical_alarm; stop_pump,medium_alarm
13.087,alarm,medium_flow,5,normal_bag,inf,132.176,200.000,200.0,2,critical_alarm; stop_pump,critical_alarm
13.087,control,medium_flow,5,normal_bag,inf,132.176,200.000,200.0,2,critical_alarm; stop_pump,critical_alarm
43.087,alarm,medium_flow,5,normal_bag,inf,132.176,200.000,200.0,2,critical_alarm; stop_pump,critical_alarm
53.087,alarm,medium_flow,5,normal_bag,inf,132.176,200.000,200.0,2,critical_alarm; stop_pump,critical_alarm
63.087,alarm,medium_flow,5,normal_bag,inf,132.176,200.000,200.0,2,critical_alarm; stop_pump,critical_alarm
73.087,alarm,medium_flow,5,normal_bag,inf,132.176,200.000,200.0,2,critical_alarm; stop_pump,critical_alarm
75.604,nurse_confirmation,medium_flow,5,normal_bag,inf,132.176,200.000,200.0,2,critical_alarm; stop_pump,no_alarm
75.604,control,critical_flow,0,normal_bag,inf,200.000,200.000,200.0,1,adjust_flow(delta=0.000),no_alarm
76.087,control,normal_flow,0,normal_bag,inf,200.000,200.000,200.0,1,adjust_flow(delta=0.000),no_alarm
77.087,control,normal_flow,0,normal_bag,inf,200.000,200.000,200.0,1,adjust_flow(delta=0.000),no_alarm
78.087,control,normal_flow,0,normal_bag,inf,200.000,200.000,200.0,1,adjust_flow(delta=0.000),no_alarm
79.087,control,normal_flow,0,normal_bag,inf,200.000,200.000,200.0,1,adjust_flow(delta=0.000),no_alarm
80.087,control,normal_flow,0,normal_bag,inf,200.000,200.000,200.0,1,adjust_flow(delta=0.000),no_alarm
81.087,control,normal_flow,0,normal_bag,inf,200.000,200.000,200.0,1,adjust_flow(delta=0.000),no_alarm
82.087,control,normal_flow,0,normal_bag,inf,200.000,200.000,200.0,1,adjust_flow(delta=0.000),no_alarm
83.087,control,normal_flow,0,normal_bag,inf,200.000,200.000,200.0,1,adjust_flow(delta=0.000),no_alarm
84.087,control,normal_flow,0,normal_bag,inf,200.000,200.000,200.0,1,adjust_flow(delta=0.000),no_alarm
85.087,control,normal_flow,0,normal_bag,inf,200.000,200.000,200.0,1,adjust_flow(delta=0.000),no_alarm
86.087,control,normal_flow,0,normal_bag,inf,200.000,200.000,200.0,1,adjust_flow(delta=0.000),no_alarm
87.087,control,normal_flow,0,normal_bag,inf,200.000,200.000,200.0,1,adjust_flow(delta=0.000),no_alarm
88.087,control,normal_flow,0,normal_bag,inf,200.000,200.000,200.0,1,adjust_flow(delta=0.000),no_alarm
89.087,control,normal_flow,0,normal_bag,inf,200.000,200.000,200.0,1,adjust_flow(delta=0.000),no_alarm
90.087,control,normal_flow,0,normal_bag,inf,200.000,200.000,200.0,1,adjust_flow(delta=0.000),no_alarm
91.087,control,normal_flow,0,normal_bag,inf,200.000,200.000,200.0,1,adjust_flow(delta=0.000),no_alarm
92.087,control,normal_flow,0,normal_bag,inf,200.000,200.000,200.0,1,adjust_flow(delta=0.000),no_alarm
93.087,control,normal_flow,0,normal_bag,inf,200.000,200.000,200.0,1,adjust_flow(delta=0.000),no_alarm
94.087,control,normal_flow,0,normal_bag,inf,200.000,200.000,200.0,1,adjust_flow(delta=0.000),no_alarm
95.087,control,normal_flow,0,normal_bag,inf,200.000,200.000,200.0,1,adjust_flow(delta=0.000),no_alarm
96.087,control,normal_flow,0,normal_bag,inf,200.000,200.000,200.0,1,adjust_flow(delta=0.000),no_alarm
97.087,control,normal_flow,0,normal_bag,inf,200.000,200.000,200.0,1,adjust_flow(delta=0.000),no_alarm
98.087,control,normal_flow,0,normal_bag,inf,200.000,200.000,200.0,1,adjust_flow(delta=0.000),no_alarm
99.087,control,normal_flow,0,normal_bag,inf,200.000,200.000,200.0,1,adjust_flow(delta=0.000),no_alarm
100.087,control,normal_flow,0,normal_bag,inf,200.000,200.000,200.0,1,adjust_flow(delta=0.000),no_alarm
101.087,control,normal_flow,0,normal_bag,inf,200.000,200.000,200.0,1,adjust_flow(delta=0.000),no_alarm
102.087,control,normal_flow,0,normal_bag,inf,200.000,200.000,200.0,1,adjust_flow(delta=0.000),no_alarm
103.087,control,normal_flow,0,normal_bag,inf,200.000,200.000,200.0,1,adjust_flow(delta=0.000),no_alarm
104.087,control,normal_flow,0,normal_bag,inf,200.000,200.000,200.0,1,adjust_flow(delta=0.000),no_alarm
105.087,control,normal_flow,0,normal_bag,inf,200.000,200.000,200.0,1,adjust_flow(delta=0.000),no_alarm
106.087,control,normal_flow,0,normal_bag,inf,200.000,200.000,200.0,1,adjust_flow(delta=0.000),no_alarm
107.087,control,normal_flow,0,normal_bag,inf,200.000,200.000,200.0,1,adjust_flow(delta=0.000),no_alarm
108.087,control,normal_flow,0,normal_bag,inf,200.000,200.000,200.0,1,adjust_flow(delta=0.000),no_alarm
109.087,control,normal_flow,0,normal_bag,inf,200.000,200.000,200.0,1,adjust_flow(delta=0.000),no_alarm
110.087,control,normal_flow,0,normal_bag,inf,200.000,200.000,200.0,1,adjust_flow(delta=0.000),no_alarm
111.087,control,normal_flow,0,normal_bag,inf,200.000,200.000,200.0,1,adjust_flow(delta=0.000),no_alarm
112.087,control,normal_flow,0,normal_bag,inf,200.000,200.000,200.0,1,adjust_flow(delta=0.000),no_alarm
113.087,control,normal_flow,0,normal_bag,inf,200.000,200.000,200.0,1,adjust_flow(delta=0.000),no_alarm
114.087,control,normal_flow,0,normal_bag,inf,200.000,200.000,200.0,1,adjust_flow(delta=0.000),no_alarm
115.087,control,normal_flow,0,normal_bag,inf,200.000,200.000,200.0,1,adjust_flow(delta=0.000),no_alarm
116.087,control,normal_flow,0,normal_bag,inf,200.000,200.000,200.0,1,adjust_flow(delta=0.000),no_alarm
117.087,control,normal_flow,0,normal_bag,inf,200.000,200.000,200.0,1,adjust_flow(delta=0.000),no_alarm
118.087,control,normal_flow,0,normal_bag,inf,200.000,200.000,200.0,1,adjust_flow(delta=0.000),no_alarm
119.087,control,normal_flow,0,normal_bag,inf,200.000,200.000,200.0,1,adjust_flow(delta=0.000),no_alarm
120.087,control,normal_flow,0,normal_bag,inf,200.000,200.000,200.0,1,adjust_flow(delta=0.000),no_alarm
121.087,control,normal_flow,0,normal_bag,inf,200.000,200.000,200.0,1,adjust_flow(delta=0.000),no_alarm
122.087,control,normal_flow,0,normal_bag,inf,200.000,200.000,200.0,1,adjust_flow(delta=0.000),no_alarm
123.087,control,normal_flow,0,normal_bag,inf,200.000,200.000,200.0,1,adjust_flow(delta=0.000),no_alarm
124.087,control,normal_flow,0,normal_bag,inf,200.000,200.000,200.0,1,adjust_flow(delta=0.000),no_alarm
125.087,control,normal_flow,0,normal_bag,inf,200.000,200.000,200.0,1,adjust_flow(delta=0.000),no_alarm
126.087,control,normal_flow,0,normal_bag,inf,200.000,200.000,200.0,1,adjust_flow(delta=0.000),no_alarm
127.087,control,normal_flow,0,normal_bag,inf,200.000,200.000,200.0,1,adjust_flow(delta=0.000),no_alarm
128.087,control,normal_flow,0,normal_bag,inf,200.000,200.000,200.0,1,adjust_flow(delta=0.000),no_alarm
129.087,control,normal_flow,0,normal_bag,inf,200.000,200.000,200.0,1,adjust_flow(delta=0.000),no_alarm
130.087,control,normal_flow,0,normal_bag,inf,200.000,200.000,200.0,1,adjust_flow(delta=0.000),no_alarm
131.087,control,normal_flow,0,normal_bag,inf,200.000,200.000,200.0,1,adjust_flow(delta=0.000),no_alarm
132.087,control,normal_flow,0,normal_bag,inf,200.000,200.000,200.0,1,adjust_flow(delta=0.000),no_alarm
133.087,control,normal_flow,0,normal_bag,inf,200.000,200.000,200.0,1,adjust_flow(delta=0.000),no_alarm
134.087,control,normal_flow,0,normal_bag,inf,200.000,200.000,200.0,1,adjust_flow(delta=0.000),no_alarm
135.087,control,normal_flow,0,normal_bag,inf,200.000,200.000,200.0,1,adjust_flow(delta=0.000),no_alarm
136.087,control,normal_flow,0,normal_bag,inf,200.000,200.000,200.0,1,adjust_flow(delta=0.000),no_alarm
137.087,control,normal_flow,0,normal_bag,inf,200.000,200.000,200.0,1,adjust_flow(delta=0.000),no_alarm
138.087,control,normal_flow,0,normal_bag,inf,200.000,200.000,200.0,1,adjust_flow(delta=0.000),no_alarm
139.087,control,normal_flow,0,normal_bag,inf,200.000,200.000,200.0,1,adjust_flow(delta=0.000),no_alarm
140.087,control,normal_flow,0,normal_bag,inf,200.000,200.000,200.0,1,adjust_flow(delta=0.000),no_alarm
141.087,control,normal_flow,0,normal_bag,inf,200.000,200.000,200.0,1,adjust_flow(delta=0.000),no_alarm
142.087,control,normal_flow,0,normal_bag,inf,200.000,200.000,200.0,1,adjust_flow(delta=0.000),no_alarm
143.087,control,normal_flow,0,normal_bag,inf,200.000,200.000,200.0,1,adjust_flow(delta=0.000),no_alarm
144.087,control,normal_flow,0,normal_bag,inf,200.000,200.000,200.0,1,adjust_flow(delta=0.000),no_alarm
145.087,control,normal_flow,0,normal_bag,inf,200.000,200.000,200.0,1,adjust_flow(delta=0.000),no_alarm
146.087,control,normal_flow,0,normal_bag,inf,200.000,200.000,200.0,1,adjust_flow(delta=0.000),no_alarm
147.087,control,normal_flow,0,normal_bag,inf,200.000,200.000,200.0,1,adjust_flow(delta=0.000),no_alarm
148.087,control,normal_flow,0,normal_bag,inf,200.000,200.000,200.0,1,adjust_flow(delta=0.000),no_alarm
149.087,control,normal_flow,0,normal_bag,inf,200.000,200.000,200.0,1,adjust_flow(delta=0.000),no_alarm
150.087,control,normal_flow,0,normal_bag,inf,200.000,200.000,200.0,1,adjust_flow(delta=0.000),no_alarm
151.087,control,normal_flow,0,normal_bag,inf,200.000,200.000,200.0,1,adjust_flow(delta=0.000),no_alarm
152.087,control,normal_flow,0,normal_bag,inf,200.000,200.000,200.0,1,adjust_flow(delta=0.000),no_alarm
153.087,control,normal_flow,0,normal_bag,inf,200.000,200.000,200.0,1,adjust_flow(delta=0.000),no_alarm
154.087,control,normal_flow,0,normal_bag,inf,200.000,200.000,200.0,1,adjust_flow(delta=0.000),no_alarm
155.087,control,normal_flow,0,normal_bag,inf,200.000,200.000,200.0,1,adjust_flow(delta=0.000),no_alarm
156.087,control,normal_flow,0,normal_bag,inf,200.000,200.000,200.0,1,adjust_flow(delta=0.000),no_alarm
157.087,control,normal_flow,0,normal_bag,inf,200.000,200.000,200.0,1,adjust_flow(delta=0.000),no_alarm
158.087,control,normal_flow,0,normal_bag,inf,200.000,200.000,200.0,1,adjust_flow(delta=0.000),no_alarm
159.087,control,normal_flow,0,normal_bag,inf,200.000,200.000,200.0,1,adjust_flow(delta=0.000),no_alarm
160.087,control,normal_flow,0,normal_bag,inf,200.000,200.000,200.0,1,adjust_flow(delta=0.000),no_alarm
161.087,control,normal_flow,0,normal_bag,inf,200.000,200.000,200.0,1,adjust_flow(delta=0.000),no_alarm
162.087,control,normal_flow,0,normal_bag,inf,200.000,200.000,200.0,1,adjust_flow(delta=0.000),no_alarm
163.087,control,normal_flow,0,normal_bag,inf,200.000,200.000,200.0,1,adjust_flow(delta=0.000),no_alarm
164.087,control,normal_flow,0,normal_bag,inf,200.000,200.000,200.0,1,adjust_flow(delta=0.000),no_alarm
165.087,control,normal_flow,0,normal_bag,inf,200.000,200.000,200.0,1,adjust_flow(delta=0.000),no_alarm
166.087,control,normal_flow,0,normal_bag,inf,200.000,200.000,200.0,1,adjust_flow(delta=0.000),no_alarm
167.087,control,normal_flow,0,normal_bag,inf,200.000,200.000,200.0,1,adjust_flow(delta=0.000),no_alarm
168.087,control,normal_flow,0,normal_bag,inf,200.000,200.000,200.0,1,adjust_flow(delta=0.000),no_alarm
169.087,control,normal_flow,0,normal_bag,inf,200.000,200.000,200.0,1,adjust_flow(delta=0.000),no_alarm
170.087,control,normal_flow,0,normal_bag,inf,200.000,200.000,200.0,1,adjust_flow(delta=0.000),no_alarm
171.087,control,normal_flow,0,normal_bag,inf,200.000,200.000,200.0,1,adjust_flow(delta=0.000),no_alarm
172.087,control,normal_flow,0,normal_bag,inf,200.000,200.000,200.0,1,adjust_flow(delta=0.000),no_alarm
173.087,control,normal_flow,0,normal_bag,inf,200.000,200.000,200.0,1,adjust_flow(delta=0.000),no_alarm
174.087,control,normal_flow,0,normal_bag,inf,200.000,200.000,200.0,1,adjust_flow(delta=0.000),no_alarm
175.087,control,normal_flow,0,normal_bag,inf,200.000,200.000,200.0,1,adjust_flow(delta=0.000),no_alarm
176.087,control,normal_flow,0,normal_bag,inf,200.000,200.000,200.0,1,adjust_flow(delta=0.000),no_alarm
177.087,control,normal_flow,0,normal_bag,inf,200.000,200.000,200.0,1,adjust_flow(delta=0.000),no_alarm
178.087,control,normal_flow,0,normal_bag,inf,200.000,200.000,200.0,1,adjust_flow(delta=0.000),no_alarm
179.087,control,normal_flow,0,normal_bag,inf,200.000,200.000,200.0,1,adjust_flow(delta=0.000),no_alarm
180.087,control,normal_flow,0,normal_bag,inf,200.000,200.000,200.0,1,adjust_flow(delta=0.000),no_alarm
181.087,control,normal_flow,0,normal_bag,inf,200.000,200.000,200.0,1,adjust_flow(delta=0.000),no_alarm
182.087,control,normal_flow,0,normal_bag,inf,200.000,200.000,200.0,1,adjust_flow(delta=0.000),no_alarm
183.087,control,normal_flow,0,normal_bag,inf,200.000,200.000,200.0,1,adjust_flow(delta=0.000),no_alarm
184.087,control,normal_flow,0,normal_bag,inf,200.000,200.000,200.0,1,adjust_flow(delta=0.000),no_alarm
185.087,control,normal_flow,0,normal_bag,inf,200.000,200.000,200.0,1,adjust_flow(delta=0.000),no_alarm
186.087,control,normal_flow,0,normal_bag,inf,200.000,200.000,200.0,1,adjust_flow(delta=0.000),no_alarm
187.087,control,normal_flow,0,normal_bag,inf,200.000,200.000,200.0,1,adjust_flow(delta=0.000),no_alarm
188.087,control,normal_flow,0,normal_bag,inf,200.000,200.000,200.0,1,adjust_flow(delta=0.000),no_alarm
189.087,control,normal_flow,0,normal_bag,inf,200.000,200.000,200.0,1,adjust_flow(delta=0.000),no_alarm
190.087,control,normal_flow,0,normal_bag,inf,200.000,200.000,200.0,1,adjust_flow(delta=0.000),no_alarm
191.087,control,normal_flow,0,normal_bag,inf,200.000,200.000,200.0,1,adjust_flow(delta=0.000),no_alarm
192.087,control,normal_flow,0,normal_bag,inf,200.000,200.000,200.0,1,adjust_flow(delta=0.000),no_alarm
193.087,control,normal_flow,0,normal_bag,inf,200.000,200.000,200.0,1,adjust_flow(delta=0.000),no_alarm
194.087,control,normal_flow,0,normal_bag,inf,200.000,200.000,200.0,1,adjust_flow(delta=0.000),no_alarm
195.087,control,normal_flow,0,normal_bag,inf,200.000,200.000,200.0,1,adjust_flow(delta=0.000),no_alarm
196.087,control,normal_flow,0,normal_bag,inf,200.000,200.000,200.0,1,adjust_flow(delta=0.000),no_alarm
197.087,control,normal_flow,0,normal_bag,inf,200.000,200.000,200.0,1,adjust_flow(delta=0.000),no_alarm
198.087,control,normal_flow,0,normal_bag,inf,200.000,200.000,200.0,1,adjust_flow(delta=0.000),no_alarm
199.087,control,normal_flow,0,normal_bag,inf,200.000,200.000,200.0,1,adjust_flow(delta=0.000),no_alarm
200.087,control,normal_flow,0,normal_bag,inf,200.000,200.000,200.0,1,adjust_flow(delta=0.000),no_alarm
201.087,control,normal_flow,0,normal_bag,inf,200.000,200.000,200.0,1,adjust_flow(delta=0.000),no_alarm
202.087,control,normal_flow,0,normal_bag,inf,200.000,200.000,200.0,1,adjust_flow(delta=0.000),no_alarm
203.087,control,normal_flow,0,normal_bag,inf,200.000,200.000,200.0,1,adjust_flow(delta=0.000),no_alarm
204.087,control,normal_flow,0,normal_bag,inf,200.000,200.000,200.0,1,adjust_flow(delta=0.000),no_alarm
205.087,control,normal_flow,0,normal_bag,inf,200.000,200.000,200.0,1,adjust_flow(delta=0.000),no_alarm
206.087,control,normal_flow,0,normal_bag,inf,200.000,200.000,200.0,1,adjust_flow(delta=0.000),no_alarm
207.087,control,normal_flow,0,normal_bag,inf,200.000,200.000,200.0,1,adjust_flow(delta=0.000),no_alarm
208.087,control,normal_flow,0,normal_bag,inf,200.000,200.000,200.0,1,adjust_flow(delta=0.000),no_alarm
209.087,control,normal_flow,0,normal_bag,inf,200.000,200.000,200.0,1,adjust_flow(delta=0.000),no_alarm
210.087,control,normal_flow,0,normal_bag,inf,200.000,200.000,200.0,1,adjust_flow(delta=0.000),no_alarm
211.087,control,normal_flow,0,normal_bag,inf,200.000,200.000,200.0,1,adjust_flow(delta=0.000),no_alarm
212.087,control,normal_flow,0,normal_bag,inf,200.000,200.000,200.0,1,adjust_flow(delta=0.000),no_alarm
213.087,control,normal_flow,0,normal_bag,inf,200.000,200.000,200.0,1,adjust_flow(delta=0.000),no_alarm
214.087,control,normal_flow,0,normal_bag,inf,200.000,200.000,200.0,1,adjust_flow(delta=0.000),no_alarm
215.087,control,normal_flow,0,normal_bag,inf,200.000,200.000,200.0,1,adjust_flow(delta=0.000),no_alarm
216.087,control,normal_flow,0,normal_bag,inf,200.000,200.000,200.0,1,adjust_flow(delta=0.000),no_alarm
217.087,control,normal_flow,0,normal_bag,inf,200.000,200.000,200.0,1,adjust_flow(delta=0.000),no_alarm
218.087,control,normal_flow,0,normal_bag,inf,200.000,200.000,200.0,1,adjust_flow(delta=0.000),no_alarm
219.087,control,normal_flow,0,normal_bag,inf,200.000,200.000,200.0,1,adjust_flow(delta=0.000),no_alarm
220.087,control,normal_flow,0,normal_bag,inf,200.000,200.000,200.0,1,adjust_flow(delta=0.000),no_alarm
221.087,control,normal_flow,0,normal_bag,inf,200.000,200.000,200.0,1,adjust_flow(delta=0.000),no_alarm
222.087,control,normal_flow,0,normal_bag,inf,200.000,200.000,200.0,1,adjust_flow(delta=0.000),no_alarm
223.087,control,normal_flow,0,normal_bag,inf,200.000,200.000,200.0,1,adjust_flow(delta=0.000),no_alarm
224.087,control,normal_flow,0,normal_bag,inf,200.000,200.000,200.0,1,adjust_flow(delta=0.000),no_alarm
225.087,control,normal_flow,0,normal_bag,inf,200.000,200.000,200.0,1,adjust_flow(delta=0.000),no_alarm
226.087,control,normal_flow,0,normal_bag,inf,200.000,200.000,200.0,1,adjust_flow(delta=0.000),no_alarm
227.087,control,normal_flow,0,normal_bag,inf,200.000,200.000,200.0,1,adjust_flow(delta=0.000),no_alarm
228.087,control,normal_flow,0,normal_bag,inf,200.000,200.000,200.0,1,adjust_flow(delta=0.000),no_alarm
229.087,control,normal_flow,0,normal_bag,inf,200.000,200.000,200.0,1,adjust_flow(delta=0.000),no_alarm
230.087,control,normal_flow,0,normal_bag,inf,200.000,200.000,200.0,1,adjust_flow(delta=0.000),no_alarm
231.087,control,normal_flow,0,normal_bag,inf,200.000,200.000,200.0,1,adjust_flow(delta=0.000),no_alarm
232.087,control,normal_flow,0,normal_bag,inf,200.000,200.000,200.0,1,adjust_flow(delta=0.000),no_alarm
233.087,control,normal_flow,0,normal_bag,inf,200.000,200.000,200.0,1,adjust_flow(delta=0.000),no_alarm
234.087,control,normal_flow,0,normal_bag,inf,200.000,200.000,200.0,1,adjust_flow(delta=0.000),no_alarm
235.087,control,normal_flow,0,normal_bag,inf,200.000,200.000,200.0,1,adjust_flow(delta=0.000),no_alarm
236.087,control,normal_flow,0,normal_bag,inf,200.000,200.000,200.0,1,adjust_flow(delta=0.000),no_alarm
237.087,control,normal_flow,0,normal_bag,inf,200.000,200.000,200.0,1,adjust_flow(delta=0.000),no_alarm
238.087,control,normal_flow,0,normal_bag,inf,200.000,200.000,200.0,1,adjust_flow(delta=0.000),no_alarm
239.087,control,normal_flow,0,normal_bag,inf,200.000,200.000,200.0,1,adjust_flow(delta=0.000),no_alarm
240.087,control,normal_flow,0,normal_bag,inf,200.000,200.000,200.0,1,adjust_flow(delta=0.000),no_alarm
241.087,control,normal_flow,0,normal_bag,inf,200.000,200.000,200.0,1,adjust_flow(delta=0.000),no_alarm
242.087,control,normal_flow,0,normal_bag,inf,200.000,200.000,200.0,1,adjust_flow(delta=0.000),no_alarm
243.087,control,normal_flow,0,normal_bag,inf,200.000,200.000,200.0,1,adjust_flow(delta=0.000),no_alarm
244.087,control,normal_flow,0,normal_bag,inf,200.000,200.000,200.0,1,adjust_flow(delta=0.000),no_alarm
245.087,control,normal_flow,0,normal_bag,inf,200.000,200.000,200.0,1,adjust_flow(delta=0.000),no_alarm
246.087,control,normal_flow,0,normal_bag,inf,200.000,200.000,200.0,1,adjust_flow(delta=0.000),no_alarm
247.087,control,normal_flow,0,normal_bag,inf,200.000,200.000,200.0,1,adjust_flow(delta=0.000),no_alarm
248.087,control,normal_flow,0,normal_bag,inf,200.000,200.000,200.0,1,adjust_flow(delta=0.000),no_alarm
249.087,control,normal_flow,0,normal_bag,inf,200.000,200.000,200.0,1,adjust_flow(delta=0.000),no_alarm
250.087,control,normal_flow,0,normal_bag,inf,200.000,200.000,200.0,1,adjust_flow(delta=0.000),no_alarm
251.087,control,normal_flow,0,normal_bag,inf,200.000,200.000,200.0,1,adjust_flow(delta=0.000),no_alarm
252.087,control,normal_flow,0,normal_bag,inf,200.000,200.000,200.0,1,adjust_flow(delta=0.000),no_alarm
253.087,control,normal_flow,0,normal_bag,inf,200.000,200.000,200.0,1,adjust_flow(delta=0.000),no_alarm
254.087,control,normal_flow,0,normal_bag,inf,200.000,200.000,200.0,1,adjust_flow(delta=0.000),no_alarm
255.087,control,normal_flow,0,normal_bag,inf,200.000,200.000,200.0,1,adjust_flow(delta=0.000),no_alarm
256.087,control,normal_flow,0,normal_bag,inf,200.000,200.000,200.0,1,adjust_flow(delta=0.000),no_alarm
257.087,control,normal_flow,0,normal_bag,inf,200.000,200.000,200.0,1,adjust_flow(delta=0.000),no_alarm
258.087,control,normal_flow,0,normal_bag,inf,200.000,200.000,200.0,1,adjust_flow(delta=0.000),no_alarm
259.087,control,normal_flow,0,normal_bag,inf,200.000,200.000,200.0,1,adjust_flow(delta=0.000),no_alarm
260.087,control,normal_flow,0,normal_bag,inf,200.000,200.000,200.0,1,adjust_flow(delta=0.000),no_alarm
261.087,control,normal_flow,0,normal_bag,inf,200.000,200.000,200.0,1,adjust_flow(delta=0.000),no_alarm
262.087,control,normal_flow,0,normal_bag,inf,200.000,200.000,200.0,1,adjust_flow(delta=0.000),no_alarm
263.087,control,normal_flow,0,normal_bag,inf,200.000,200.000,200.0,1,adjust_flow(delta=0.000),no_alarm
264.087,control,normal_flow,0,normal_bag,inf,200.000,200.000,200.0,1,adjust_flow(delta=0.000),no_alarm
265.087,control,normal_flow,0,normal_bag,inf,200.000,200.000,200.0,1,adjust_flow(delta=0.000),no_alarm
266.087,control,normal_flow,0,normal_bag,inf,200.000,200.000,200.0,1,adjust_flow(delta=0.000),no_alarm
267.087,control,normal_flow,0,normal_bag,inf,200.000,200.000,200.0,1,adjust_flow(delta=0.000),no_alarm
268.087,control,normal_flow,0,normal_bag,inf,200.000,200.000,200.0,1,adjust_flow(delta=0.000),no_alarm
269.087,control,normal_flow,0,normal_bag,inf,200.000,200.000,200.0,1,adjust_flow(delta=0.000),no_alarm
270.087,control,normal_flow,0,normal_bag,inf,200.000,200.000,200.0,1,adjust_flow(delta=0.000),no_alarm
271.087,control,normal_flow,0,normal_bag,inf,200.000,200.000,200.0,1,adjust_flow(delta=0.000),no_alarm
272.087,control,normal_flow,0,normal_bag,inf,200.000,200.000,200.0,1,adjust_flow(delta=0.000),no_alarm
273.087,control,normal_flow,0,normal_bag,inf,200.000,200.000,200.0,1,adjust_flow(delta=0.000),no_alarm
274.087,control,normal_flow,0,normal_bag,inf,200.000,200.000,200.0,1,adjust_flow(delta=0.000),no_alarm
275.087,control,normal_flow,0,normal_bag,inf,200.000,200.000,200.0,1,adjust_flow(delta=0.000),no_alarm
276.087,control,normal_flow,0,normal_bag,inf,200.000,200.000,200.0,1,adjust_flow(delta=0.000),no_alarm
277.087,control,normal_flow,0,normal_bag,inf,200.000,200.000,200.0,1,adjust_flow(delta=0.000),no_alarm
278.087,control,normal_flow,0,normal_bag,inf,200.000,200.000,200.0,1,adjust_flow(delta=0.000),no_alarm
279.087,control,normal_flow,0,normal_bag,inf,200.000,200.000,200.0,1,adjust_flow(delta=0.000),no_alarm
280.087,control,normal_flow,0,normal_bag,inf,200.000,200.000,200.0,1,adjust_flow(delta=0.000),no_alarm
281.087,control,normal_flow,0,normal_bag,inf,200.000,200.000,200.0,1,adjust_flow(delta=0.000),no_alarm
282.087,control,normal_flow,0,normal_bag,inf,200.000,200.000,200.0,1,adjust_flow(delta=0.000),no_alarm
283.087,control,normal_flow,0,normal_bag,inf,200.000,200.000,200.0,1,adjust_flow(delta=0.000),no_alarm
284.087,control,normal_flow,0,normal_bag,inf,200.000,200.000,200.0,1,adjust_flow(delta=0.000),no_alarm
285.087,control,normal_flow,0,normal_bag,inf,200.000,200.000,200.0,1,adjust_flow(delta=0.000),no_alarm
286.087,control,normal_flow,0,normal_bag,inf,200.000,200.000,200.0,1,adjust_flow(delta=0.000),no_alarm
287.087,control,normal_flow,0,normal_bag,inf,200.000,200.000,200.0,1,adjust_flow(delta=0.000),no_alarm
288.087,control,normal_flow,0,normal_bag,inf,200.000,200.000,200.0,1,adjust_flow(delta=0.000),no_alarm
289.087,control,normal_flow,0,normal_bag,inf,200.000,200.000,200.0,1,adjust_flow(delta=0.000),no_alarm
290.087,control,normal_flow,0,normal_bag,inf,200.000,200.000,200.0,1,adjust_flow(delta=0.000),no_alarm
291.087,control,normal_flow,0,normal_bag,inf,200.000,200.000,200.0,1,adjust_flow(delta=0.000),no_alarm
292.087,control,normal_flow,0,normal_bag,inf,200.000,200.000,200.0,1,adjust_flow(delta=0.000),no_alarm
293.087,control,normal_flow,0,normal_bag,inf,200.000,200.000,200.0,1,adjust_flow(delta=0.000),no_alarm
294.087,control,normal_flow,0,normal_bag,inf,200.000,200.000,200.0,1,adjust_flow(delta=0.000),no_alarm
295.087,control,normal_flow,0,normal_bag,inf,200.000,200.000,200.0,1,adjust_flow(delta=0.000),no_alarm
296.087,control,normal_flow,0,normal_bag,inf,200.000,200.000,200.0,1,adjust_flow(delta=0.000),no_alarm
297.087,control,normal_flow,0,normal_bag,inf,200.000,200.000,200.0,1,adjust_flow(delta=0.000),no_alarm
298.087,control,normal_flow,0,normal_bag,inf,200.000,200.000,200.0,1,adjust_flow(delta=0.000),no_alarm
299.087,control,normal_flow,0,normal_bag,inf,200.000,200.000,200.0,1,adjust_flow(delta=0.000),no_alarm
300.087,control,normal_flow,0,normal_bag,inf,200.000,200.000,200.0,1,adjust_flow(delta=0.000),no_alarm
301.087,control,normal_flow,0,normal_bag,inf,200.000,200.000,200.0,1,adjust_flow(delta=0.000),no_alarm
302.087,control,normal_flow,0,normal_bag,inf,200.000,200.000,200.0,1,adjust_flow(delta=0.000),no_alarm
303.087,control,normal_flow,0,normal_bag,inf,200.000,200.000,200.0,1,adjust_flow(delta=0.000),no_alarm
304.087,control,normal_flow,0,normal_bag,inf,200.000,200.000,200.0,1,adjust_flow(delta=0.000),no_alarm
305.087,control,normal_flow,0,normal_bag,inf,200.000,200.000,200.0,1,adjust_flow(delta=0.000),no_alarm
306.087,control,normal_flow,0,normal_bag,inf,200.000,200.000,200.0,1,adjust_flow(delta=0.000),no_alarm
307.087,control,normal_flow,0,normal_bag,inf,200.000,200.000,200.0,1,adjust_flow(delta=0.000),no_alarm
308.087,control,normal_flow,0,normal_bag,inf,200.000,200.000,200.0,1,adjust_flow(delta=0.000),no_alarm
309.087,control,normal_flow,0,normal_bag,inf,200.000,200.000,200.0,1,adjust_flow(delta=0.000),no_alarm
310.087,control,normal_flow,0,normal_bag,inf,200.000,200.000,200.0,1,adjust_flow(delta=0.000),no_alarm
311.087,control,normal_flow,0,normal_bag,inf,200.000,200.000,200.0,1,adjust_flow(delta=0.000),no_alarm
312.087,control,normal_flow,0,normal_bag,inf,200.000,200.000,200.0,1,adjust_flow(delta=0.000),no_alarm
313.087,control,normal_flow,0,normal_bag,inf,200.000,200.000,200.0,1,adjust_flow(delta=0.000),no_alarm
314.087,control,normal_flow,0,normal_bag,inf,200.000,200.000,200.0,1,adjust_flow(delta=0.000),no_alarm
315.087,control,normal_flow,0,normal_bag,inf,200.000,200.000,200.0,1,adjust_flow(delta=0.000),no_alarm
316.087,control,normal_flow,0,normal_bag,inf,200.000,200.000,200.0,1,adjust_flow(delta=0.000),no_alarm
317.087,control,normal_flow,0,normal_bag,inf,200.000,200.000,200.0,1,adjust_flow(delta=0.000),no_alarm
318.087,control,normal_flow,0,normal_bag,inf,200.000,200.000,200.0,1,adjust_flow(delta=0.000),no_alarm
319.087,control,normal_flow,0,normal_bag,inf,200.000,200.000,200.0,1,adjust_flow(delta=0.000),no_alarm
320.087,control,normal_flow,0,normal_bag,inf,200.000,200.000,200.0,1,adjust_flow(delta=0.000),no_alarm
321.087,control,normal_flow,0,normal_bag,inf,200.000,200.000,200.0,1,adjust_flow(delta=0.000),no_alarm
322.087,control,normal_flow,0,normal_bag,inf,200.000,200.000,200.0,1,adjust_flow(delta=0.000),no_alarm
323.087,control,normal_flow,0,normal_bag,inf,200.000,200.000,200.0,1,adjust_flow(delta=0.000),no_alarm
324.087,control,normal_flow,0,normal_bag,inf,200.000,200.000,200.0,1,adjust_flow(delta=0.000),no_alarm
325.087,control,normal_flow,0,normal_bag,inf,200.000,200.000,200.0,1,adjust_flow(delta=0.000),no_alarm
326.087,control,normal_flow,0,normal_bag,inf,200.000,200.000,200.0,1,adjust_flow(delta=0.000),no_alarm
327.087,control,normal_flow,0,normal_bag,inf,200.000,200.000,200.0,1,adjust_flow(delta=0.000),no_alarm
328.087,control,normal_flow,0,normal_bag,inf,200.000,200.000,200.0,1,adjust_flow(delta=0.000),no_alarm
329.087,control,normal_flow,0,normal_bag,inf,200.000,200.000,200.0,1,adjust_flow(delta=0.000),no_alarm
330.087,control,normal_flow,0,normal_bag,inf,200.000,200.000,200.0,1,adjust_flow(delta=0.000),no_alarm
331.087,control,normal_flow,0,normal_bag,inf,200.000,200.000,200.0,1,adjust_flow(delta=0.000),no_alarm
332.087,control,normal_flow,0,normal_bag,inf,200.000,200.000,200.0,1,adjust_flow(delta=0.000),no_alarm
333.087,control,normal_flow,0,normal_bag,inf,200.000,200.000,200.0,1,adjust_flow(delta=0.000),no_alarm
334.087,control,normal_flow,0,normal_bag,inf,200.000,200.000,200.0,1,adjust_flow(delta=0.000),no_alarm
335.087,control,normal_flow,0,normal_bag,inf,200.000,200.000,200.0,1,adjust_flow(delta=0.000),no_alarm
336.087,control,normal_flow,0,normal_bag,inf,200.000,200.000,200.0,1,adjust_flow(delta=0.000),no_alarm
337.087,control,normal_flow,0,normal_bag,inf,200.000,200.000,200.0,1,adjust_flow(delta=0.000),no_alarm
338.087,control,normal_flow,0,normal_bag,inf,200.000,200.000,200.0,1,adjust_flow(delta=0.000),no_alarm
339.087,control,normal_flow,0,normal_bag,inf,200.000,200.000,200.0,1,adjust_flow(delta=0.000),no_alarm
340.087,control,normal_flow,0,normal_bag,inf,200.000,200.000,200.0,1,adjust_flow(delta=0.000),no_alarm
341.087,control,normal_flow,0,normal_bag,inf,200.000,200.000,200.0,1,adjust_flow(delta=0.000),no_alarm
342.087,control,normal_flow,0,normal_bag,inf,200.000,200.000,200.0,1,adjust_flow(delta=0.000),no_alarm
343.087,control,normal_flow,0,normal_bag,inf,200.000,200.000,200.0,1,adjust_flow(delta=0.000),no_alarm
344.087,control,normal_flow,0,normal_bag,inf,200.000,200.000,200.0,1,adjust_flow(delta=0.000),no_alarm
345.087,control,normal_flow,0,normal_bag,inf,200.000,200.000,200.0,1,adjust_flow(delta=0.000),no_alarm
346.087,control,normal_flow,0,normal_bag,inf,200.000,200.000,200.0,1,adjust_flow(delta=0.000),no_alarm
347.087,control,normal_flow,0,normal_bag,inf,200.000,200.000,200.0,1,adjust_flow(delta=0.000),no_alarm
348.087,control,normal_flow,0,normal_bag,inf,200.000,200.000,200.0,1,adjust_flow(delta=0.000),no_alarm
349.087,control,normal_flow,0,normal_bag,inf,200.000,200.000,200.0,1,adjust_flow(delta=0.000),no_alarm
350.087,control,normal_flow,0,normal_bag,inf,200.000,200.000,200.0,1,adjust_flow(delta=0.000),no_alarm
351.087,control,normal_flow,0,normal_bag,inf,200.000,200.000,200.0,1,adjust_flow(delta=0.000),no_alarm
352.087,control,normal_flow,0,normal_bag,inf,200.000,200.000,200.0,1,adjust_flow(delta=0.000),no_alarm
353.087,control,normal_flow,0,normal_bag,inf,200.000,200.000,200.0,1,adjust_flow(delta=0.000),no_alarm
354.087,control,normal_flow,0,normal_bag,inf,200.000,200.000,200.0,1,adjust_flow(delta=0.000),no_alarm
355.087,control,normal_flow,0,normal_bag,inf,200.000,200.000,200.0,1,adjust_flow(delta=0.000),no_alarm
356.087,control,normal_flow,0,normal_bag,inf,200.000,200.000,200.0,1,adjust_flow(delta=0.000),no_alarm
357.087,control,normal_flow,0,normal_bag,inf,200.000,200.000,200.0,1,adjust_flow(delta=0.000),no_alarm
358.087,control,normal_flow,0,normal_bag,inf,200.000,200.000,200.0,1,adjust_flow(delta=0.000),no_alarm
359.087,control,normal_flow,0,normal_bag,inf,200.000,200.000,200.0,1,adjust_flow(delta=0.000),no_alarm
360.087,control,normal_flow,0,normal_bag,inf,200.000,200.000,200.0,1,adjust_flow(delta=0.000),no_alarm
361.087,control,normal_flow,0,normal_bag,inf,200.000,200.000,200.0,1,adjust_flow(delta=0.000),no_alarm
362.087,control,normal_flow,0,normal_bag,inf,200.000,200.000,200.0,1,adjust_flow(delta=0.000),no_alarm
363.087,control,normal_flow,0,normal_bag,inf,200.000,200.000,200.0,1,adjust_flow(delta=0.000),no_alarm
364.087,control,normal_flow,0,normal_bag,inf,200.000,200.000,200.0,1,adjust_flow(delta=0.000),no_alarm
365.087,control,normal_flow,0,normal_bag,inf,200.000,200.000,200.0,1,adjust_flow(delta=0.000),no_alarm
366.087,control,normal_flow,0,normal_bag,inf,200.000,200.000,200.0,1,adjust_flow(delta=0.000),no_alarm
367.087,control,normal_flow,0,normal_bag,inf,200.000,200.000,200.0,1,adjust_flow(delta=0.000),no_alarm
368.087,control,normal_flow,0,normal_bag,inf,200.000,200.000,200.0,1,adjust_flow(delta=0.000),no_alarm
369.087,control,normal_flow,0,normal_bag,inf,200.000,200.000,200.0,1,adjust_flow(delta=0.000),no_alarm
370.087,control,normal_flow,0,normal_bag,inf,200.000,200.000,200.0,1,adjust_flow(delta=0.000),no_alarm
371.087,control,normal_flow,0,normal_bag,inf,200.000,200.000,200.0,1,adjust_flow(delta=0.000),no_alarm
372.087,control,normal_flow,0,normal_bag,inf,200.000,200.000,200.0,1,adjust_flow(delta=0.000),no_alarm
373.087,control,normal_flow,0,normal_bag,inf,200.000,200.000,200.0,1,adjust_flow(delta=0.000),no_alarm
374.087,control,normal_flow,0,normal_bag,inf,200.000,200.000,200.0,1,adjust_flow(delta=0.000),no_alarm
375.087,control,normal_flow,0,normal_bag,inf,200.000,200.000,200.0,1,adjust_flow(delta=0.000),no_alarm
376.087,control,normal_flow,0,normal_bag,inf,200.000,200.000,200.0,1,adjust_flow(delta=0.000),no_alarm
377.087,control,normal_flow,0,normal_bag,inf,200.000,200.000,200.0,1,adjust_flow(delta=0.000),no_alarm
378.087,control,normal_flow,0,normal_bag,inf,200.000,200.000,200.0,1,adjust_flow(delta=0.000),no_alarm
379.087,control,normal_flow,0,normal_bag,inf,200.000,200.000,200.0,1,adjust_flow(delta=0.000),no_alarm
380.087,control,normal_flow,0,normal_bag,inf,200.000,200.000,200.0,1,adjust_flow(delta=0.000),no_alarm
381.087,control,normal_flow,0,normal_bag,inf,200.000,200.000,200.0,1,adjust_flow(delta=0.000),no_alarm
382.087,control,normal_flow,0,normal_bag,inf,200.000,200.000,200.0,1,adjust_flow(delta=0.000),no_alarm
383.087,control,normal_flow,0,normal_bag,inf,200.000,200.000,200.0,1,adjust_flow(delta=0.000),no_alarm
384.087,control,normal_flow,0,normal_bag,inf,200.000,200.000,200.0,1,adjust_flow(delta=0.000),no_alarm
385.087,control,normal_flow,0,normal_bag,inf,200.000,200.000,200.0,1,adjust_flow(delta=0.000),no_alarm
386.087,control,normal_flow,0,normal_bag,inf,200.000,200.000,200.0,1,adjust_flow(delta=0.000),no_alarm
387.087,control,normal_flow,0,normal_bag,inf,200.000,200.000,200.0,1,adjust_flow(delta=0.000),no_alarm
388.087,control,normal_flow,0,normal_bag,inf,200.000,200.000,200.0,1,adjust_flow(delta=0.000),no_alarm
389.087,control,normal_flow,0,normal_bag,inf,200.000,200.000,200.0,1,adjust_flow(delta=0.000),no_alarm
390.087,control,normal_flow,0,normal_bag,inf,200.000,200.000,200.0,1,adjust_flow(delta=0.000),no_alarm
391.087,control,normal_flow,0,normal_bag,inf,200.000,200.000,200.0,1,adjust_flow(delta=0.000),no_alarm
392.087,control,normal_flow,0,normal_bag,inf,200.000,200.000,200.0,1,adjust_flow(delta=0.000),no_alarm
393.087,control,normal_flow,0,normal_bag,inf,200.000,200.000,200.0,1,adjust_flow(delta=0.000),no_alarm
394.087,control,normal_flow,0,normal_bag,inf,200.000,200.000,200.0,1,adjust_flow(delta=0.000),no_alarm
395.087,control,normal_flow,0,normal_bag,inf,200.000,200.000,200.0,1,adjust_flow(delta=0.000),no_alarm
396.087,control,normal_flow,0,normal_bag,inf,200.000,200.000,200.0,1,adjust_flow(delta=0.000),no_alarm
397.087,control,normal_flow,0,normal_bag,inf,200.000,200.000,200.0,1,adjust_flow(delta=0.000),no_alarm
398.087,control,normal_flow,0,normal_bag,inf,200.000,200.000,200.0,1,adjust_flow(delta=0.000),no_alarm
399.087,control,normal_flow,0,normal_bag,inf,200.000,200.000,200.0,1,adjust_flow(delta=0.000),no_alarm
400.087,control,normal_flow,0,normal_bag,inf,200.000,200.000,200.0,1,adjust_flow(delta=0.000),no_alarm
401.087,control,normal_flow,0,normal_bag,inf,200.000,200.000,200.0,1,adjust_flow(delta=0.000),no_alarm
402.087,control,normal_flow,0,normal_bag,inf,200.000,200.000,200.0,1,adjust_flow(delta=0.000),no_alarm
403.087,control,normal_flow,0,normal_bag,inf,200.000,200.000,200.0,1,adjust_flow(delta=0.000),no_alarm
404.087,control,normal_flow,0,normal_bag,inf,200.000,200.000,200.0,1,adjust_flow(delta=0.000),no_alarm
405.087,control,normal_flow,0,normal_bag,inf,200.000,200.000,200.0,1,adjust_flow(delta=0.000),no_alarm
406.087,control,normal_flow,0,normal_bag,inf,200.000,200.000,200.0,1,adjust_flow(delta=0.000),no_alarm
407.087,control,normal_flow,0,normal_bag,inf,200.000,200.000,200.0,1,adjust_flow(delta=0.000),no_alarm
408.087,control,normal_flow,0,normal_bag,inf,200.000,200.000,200.0,1,adjust_flow(delta=0.000),no_alarm
409.087,control,normal_flow,0,normal_bag,inf,200.000,200.000,200.0,1,adjust_flow(delta=0.000),no_alarm
410.087,control,normal_flow,0,normal_bag,inf,200.000,200.000,200.0,1,adjust_flow(delta=0.000),no_alarm
411.087,control,normal_flow,0,normal_bag,inf,200.000,200.000,200.0,1,adjust_flow(delta=0.000),no_alarm
412.087,control,normal_flow,0,normal_bag,inf,200.000,200.000,200.0,1,adjust_flow(delta=0.000),no_alarm
413.087,control,normal_flow,0,normal_bag,inf,200.000,200.000,200.0,1,adjust_flow(delta=0.000),no_alarm
414.087,control,normal_flow,0,normal_bag,inf,200.000,200.000,200.0,1,adjust_flow(delta=0.000),no_alarm
415.087,control,normal_flow,0,normal_bag,inf,200.000,200.000,200.0,1,adjust_flow(delta=0.000),no_alarm
416.087,control,normal_flow,0,normal_bag,inf,200.000,200.000,200.0,1,adjust_flow(delta=0.000),no_alarm
417.087,control,normal_flow,0,normal_bag,inf,200.000,200.000,200.0,1,adjust_flow(delta=0.000),no_alarm
418.087,control,normal_flow,0,normal_bag,inf,200.000,200.000,200.0,1,adjust_flow(delta=0.000),no_alarm
419.087,control,normal_flow,0,normal_bag,inf,200.000,200.000,200.0,1,adjust_flow(delta=0.000),no_alarm
420.087,control,normal_flow,0,normal_bag,inf,200.000,200.000,200.0,1,adjust_flow(delta=0.000),no_alarm
421.087,control,normal_flow,0,normal_bag,inf,200.000,200.000,200.0,1,adjust_flow(delta=0.000),no_alarm
422.087,control,normal_flow,0,normal_bag,inf,200.000,200.000,200.0,1,adjust_flow(delta=0.000),no_alarm
423.087,control,normal_flow,0,normal_bag,inf,200.000,200.000,200.0,1,adjust_flow(delta=0.000),no_alarm
424.087,control,normal_flow,0,normal_bag,inf,200.000,200.000,200.0,1,adjust_flow(delta=0.000),no_alarm
425.087,control,normal_flow,0,normal_bag,inf,200.000,200.000,200.0,1,adjust_flow(delta=0.000),no_alarm
426.087,control,normal_flow,0,normal_bag,inf,200.000,200.000,200.0,1,adjust_flow(delta=0.000),no_alarm
427.087,control,normal_flow,0,normal_bag,inf,200.000,200.000,200.0,1,adjust_flow(delta=0.000),no_alarm
428.087,control,normal_flow,0,normal_bag,inf,200.000,200.000,200.0,1,adjust_flow(delta=0.000),no_alarm
429.087,control,normal_flow,0,normal_bag,inf,200.000,200.000,200.0,1,adjust_flow(delta=0.000),no_alarm
430.087,control,normal_flow,0,normal_bag,inf,200.000,200.000,200.0,1,adjust_flow(delta=0.000),no_alarm
431.087,control,normal_flow,0,normal_bag,inf,200.000,200.000,200.0,1,adjust_flow(delta=0.000),no_alarm
432.087,control,normal_flow,0,normal_bag,inf,200.000,200.000,200.0,1,adjust_flow(delta=0.000),no_alarm
433.087,control,normal_flow,0,normal_bag,inf,200.000,200.000,200.0,1,adjust_flow(delta=0.000),no_alarm
434.087,control,normal_flow,0,normal_bag,inf,200.000,200.000,200.0,1,adjust_flow(delta=0.000),no_alarm
435.087,control,normal_flow,0,normal_bag,inf,200.000,200.000,200.0,1,adjust_flow(delta=0.000),no_alarm
436.087,control,normal_flow,0,normal_bag,inf,200.000,200.000,200.0,1,adjust_flow(delta=0.000),no_alarm
437.087,control,normal_flow,0,normal_bag,inf,200.000,200.000,200.0,1,adjust_flow(delta=0.000),no_alarm
438.087,control,normal_flow,0,normal_bag,inf,200.000,200.000,200.0,1,adjust_flow(delta=0.000),no_alarm
439.087,control,normal_flow,0,normal_bag,inf,200.000,200.000,200.0,1,adjust_flow(delta=0.000),no_alarm
440.087,control,normal_flow,0,normal_bag,inf,200.000,200.000,200.0,1,adjust_flow(delta=0.000),no_alarm
441.087,control,normal_flow,0,normal_bag,inf,200.000,200.000,200.0,1,adjust_flow(delta=0.000),no_alarm
442.087,control,normal_flow,0,normal_bag,inf,200.000,200.000,200.0,1,adjust_flow(delta=0.000),no_alarm
443.087,control,normal_flow,0,normal_bag,inf,200.000,200.000,200.0,1,adjust_flow(delta=0.000),no_alarm
444.087,control,normal_flow,0,normal_bag,inf,200.000,200.000,200.0,1,adjust_flow(delta=0.000),no_alarm
445.087,control,normal_flow,0,normal_bag,inf,200.000,200.000,200.0,1,adjust_flow(delta=0.000),no_alarm
446.087,control,normal_flow,0,normal_bag,inf,200.000,200.000,200.0,1,adjust_flow(delta=0.000),no_alarm
447.087,control,normal_flow,0,normal_bag,inf,200.000,200.000,200.0,1,adjust_flow(delta=0.000),no_alarm
448.087,control,normal_flow,0,normal_bag,inf,200.000,200.000,200.0,1,adjust_flow(delta=0.000),no_alarm
449.087,control,normal_flow,0,normal_bag,inf,200.000,200.000,200.0,1,adjust_flow(delta=0.000),no_alarm
450.087,control,normal_flow,0,normal_bag,inf,200.000,200.000,200.0,1,adjust_flow(delta=0.000),no_alarm
451.087,control,normal_flow,0,normal_bag,inf,200.000,200.000,200.0,1,adjust_flow(delta=0.000),no_alarm
452.087,control,normal_flow,0,normal_bag,inf,200.000,200.000,200.0,1,adjust_flow(delta=0.000),no_alarm
453.087,control,normal_flow,0,normal_bag,inf,200.000,200.000,200.0,1,adjust_flow(delta=0.000),no_alarm
454.087,control,normal_flow,0,normal_bag,inf,200.000,200.000,200.0,1,adjust_flow(delta=0.000),no_alarm
455.087,control,normal_flow,0,normal_bag,inf,200.000,200.000,200.0,1,adjust_flow(delta=0.000),no_alarm
456.087,control,normal_flow,0,normal_bag,inf,200.000,200.000,200.0,1,adjust_flow(delta=0.000),no_alarm
457.087,control,normal_flow,0,normal_bag,inf,200.000,200.000,200.0,1,adjust_flow(delta=0.000),no_alarm
458.087,control,normal_flow,0,normal_bag,inf,200.000,200.000,200.0,1,adjust_flow(delta=0.000),no_alarm
459.087,control,normal_flow,0,normal_bag,inf,200.000,200.000,200.0,1,adjust_flow(delta=0.000),no_alarm
460.087,control,normal_flow,0,normal_bag,inf,200.000,200.000,200.0,1,adjust_flow(delta=0.000),no_alarm
461.087,control,normal_flow,0,normal_bag,inf,200.000,200.000,200.0,1,adjust_flow(delta=0.000),no_alarm
462.087,control,normal_flow,0,normal_bag,inf,200.000,200.000,200.0,1,adjust_flow(delta=0.000),no_alarm
463.087,control,normal_flow,0,normal_bag,inf,200.000,200.000,200.0,1,adjust_flow(delta=0.000),no_alarm
464.087,control,normal_flow,0,normal_bag,inf,200.000,200.000,200.0,1,adjust_flow(delta=0.000),no_alarm
465.087,control,normal_flow,0,normal_bag,inf,200.000,200.000,200.0,1,adjust_flow(delta=0.000),no_alarm
466.087,control,normal_flow,0,normal_bag,inf,200.000,200.000,200.0,1,adjust_flow(delta=0.000),no_alarm
467.087,control,normal_flow,0,normal_bag,inf,200.000,200.000,200.0,1,adjust_flow(delta=0.000),no_alarm
468.087,control,normal_flow,0,normal_bag,inf,200.000,200.000,200.0,1,adjust_flow(delta=0.000),no_alarm
469.087,control,normal_flow,0,normal_bag,inf,200.000,200.000,200.0,1,adjust_flow(delta=0.000),no_alarm
470.087,control,normal_flow,0,normal_bag,inf,200.000,200.000,200.0,1,adjust_flow(delta=0.000),no_alarm
471.087,control,normal_flow,0,normal_bag,inf,200.000,200.000,200.0,1,adjust_flow(delta=0.000),no_alarm
472.087,control,normal_flow,0,normal_bag,inf,200.000,200.000,200.0,1,adjust_flow(delta=0.000),no_alarm
473.087,control,normal_flow,0,normal_bag,inf,200.000,200.000,200.0,1,adjust_flow(delta=0.000),no_alarm
474.087,control,normal_flow,0,normal_bag,inf,200.000,200.000,200.0,1,adjust_flow(delta=0.000),no_alarm
475.087,control,normal_flow,0,normal_bag,inf,200.000,200.000,200.0,1,adjust_flow(delta=0.000),no_alarm
476.087,control,normal_flow,0,normal_bag,inf,200.000,200.000,200.0,1,adjust_flow(delta=0.000),no_alarm
477.087,control,normal_flow,0,normal_bag,inf,200.000,200.000,200.0,1,adjust_flow(delta=0.000),no_alarm
478.087,control,normal_flow,0,normal_bag,inf,200.000,200.000,200.0,1,adjust_flow(delta=0.000),no_alarm
479.087,control,normal_flow,0,normal_bag,inf,200.000,200.000,200.0,1,adjust_flow(delta=0.000),no_alarm
480.087,control,normal_flow,0,normal_bag,inf,200.000,200.000,200.0,1,adjust_flow(delta=0.000),no_alarm
481.087,control,normal_flow,0,normal_bag,inf,200.000,200.000,200.0,1,adjust_flow(delta=0.000),no_alarm
482.087,control,normal_flow,0,normal_bag,inf,200.000,200.000,200.0,1,adjust_flow(delta=0.000),no_alarm
483.087,control,normal_flow,0,normal_bag,inf,200.000,200.000,200.0,1,adjust_flow(delta=0.000),no_alarm
484.087,control,normal_flow,0,normal_bag,inf,200.000,200.000,200.0,1,adjust_flow(delta=0.000),no_alarm
485.087,control,normal_flow,0,normal_bag,inf,200.000,200.000,200.0,1,adjust_flow(delta=0.000),no_alarm
486.087,control,normal_flow,0,normal_bag,inf,200.000,200.000,200.0,1,adjust_flow(delta=0.000),no_alarm
487.087,control,normal_flow,0,normal_bag,inf,200.000,200.000,200.0,1,adjust_flow(delta=0.000),no_alarm
488.087,control,normal_flow,0,normal_bag,inf,200.000,200.000,200.0,1,adjust_flow(delta=0.000),no_alarm
489.087,control,normal_flow,0,normal_bag,inf,200.000,200.000,200.0,1,adjust_flow(delta=0.000),no_alarm
490.087,control,normal_flow,0,normal_bag,inf,200.000,200.000,200.0,1,adjust_flow(delta=0.000),no_alarm
491.087,control,normal_flow,0,normal_bag,inf,200.000,200.000,200.0,1,adjust_flow(delta=0.000),no_alarm
492.087,control,normal_flow,0,normal_bag,inf,200.000,200.000,200.0,1,adjust_flow(delta=0.000),no_alarm
493.087,control,normal_flow,0,normal_bag,inf,200.000,200.000,200.0,1,adjust_flow(delta=0.000),no_alarm
494.087,control,normal_flow,0,normal_bag,inf,200.000,200.000,200.0,1,adjust_flow(delta=0.000),no_alarm
495.087,control,normal_flow,0,normal_bag,inf,200.000,200.000,200.0,1,adjust_flow(delta=0.000),no_alarm
496.087,control,normal_flow,0,normal_bag,inf,200.000,200.000,200.0,1,adjust_flow(delta=0.000),no_alarm
497.087,control,normal_flow,0,normal_bag,inf,200.000,200.000,200.0,1,adjust_flow(delta=0.000),no_alarm
498.087,control,normal_flow,0,normal_bag,inf,200.000,200.000,200.0,1,adjust_flow(delta=0.000),no_alarm
499.087,control,normal_flow,0,normal_bag,inf,200.000,200.000,200.0,1,adjust_flow(delta=0.000),no_alarm
500.087,control,normal_flow,0,normal_bag,inf,200.000,200.000,200.0,1,adjust_flow(delta=0.000),no_alarm
501.087,control,normal_flow,0,normal_bag,inf,200.000,200.000,200.0,1,adjust_flow(delta=0.000),no_alarm
502.087,control,normal_flow,0,normal_bag,inf,200.000,200.000,200.0,1,adjust_flow(delta=0.000),no_alarm
503.087,control,normal_flow,0,normal_bag,inf,200.000,200.000,200.0,1,adjust_flow(delta=0.000),no_alarm
504.087,control,normal_flow,0,normal_bag,inf,200.000,200.000,200.0,1,adjust_flow(delta=0.000),no_alarm
505.087,control,normal_flow,0,normal_bag,inf,200.000,200.000,200.0,1,adjust_flow(delta=0.000),no_alarm
506.087,control,normal_flow,0,normal_bag,inf,200.000,200.000,200.0,1,adjust_flow(delta=0.000),no_alarm
507.087,control,normal_flow,0,normal_bag,inf,200.000,200.000,200.0,1,adjust_flow(delta=0.000),no_alarm
508.087,control,normal_flow,0,normal_bag,inf,200.000,200.000,200.0,1,adjust_flow(delta=0.000),no_alarm
509.087,control,normal_flow,0,normal_bag,inf,200.000,200.000,200.0,1,adjust_flow(delta=0.000),no_alarm
510.087,control,normal_flow,0,normal_bag,inf,200.000,200.000,200.0,1,adjust_flow(delta=0.000),no_alarm
511.087,control,normal_flow,0,normal_bag,inf,200.000,200.000,200.0,1,adjust_flow(delta=0.000),no_alarm
512.087,control,normal_flow,0,normal_bag,inf,200.000,200.000,200.0,1,adjust_flow(delta=0.000),no_alarm
513.087,control,normal_flow,0,normal_bag,inf,200.000,200.000,200.0,1,adjust_flow(delta=0.000),no_alarm
514.087,control,normal_flow,0,normal_bag,inf,200.000,200.000,200.0,1,adjust_flow(delta=0.000),no_alarm
515.087,control,normal_flow,0,normal_bag,inf,200.000,200.000,200.0,1,adjust_flow(delta=0.000),no_alarm
516.087,control,normal_flow,0,normal_bag,inf,200.000,200.000,200.0,1,adjust_flow(delta=0.000),no_alarm
517.087,control,normal_flow,0,normal_bag,inf,200.000,200.000,200.0,1,adjust_flow(delta=0.000),no_alarm
518.087,control,normal_flow,0,normal_bag,inf,200.000,200.000,200.0,1,adjust_flow(delta=0.000),no_alarm
519.087,control,normal_flow,0,normal_bag,inf,200.000,200.000,200.0,1,adjust_flow(delta=0.000),no_alarm
520.087,control,normal_flow,0,normal_bag,inf,200.000,200.000,200.0,1,adjust_flow(delta=0.000),no_alarm
521.087,control,normal_flow,0,normal_bag,inf,200.000,200.000,200.0,1,adjust_flow(delta=0.000),no_alarm
522.087,control,normal_flow,0,normal_bag,inf,200.000,200.000,200.0,1,adjust_flow(delta=0.000),no_alarm
523.087,control,normal_flow,0,normal_bag,inf,200.000,200.000,200.0,1,adjust_flow(delta=0.000),no_alarm
524.087,control,normal_flow,0,normal_bag,inf,200.000,200.000,200.0,1,adjust_flow(delta=0.000),no_alarm
525.087,control,normal_flow,0,normal_bag,inf,200.000,200.000,200.0,1,adjust_flow(delta=0.000),no_alarm
526.087,control,normal_flow,0,normal_bag,inf,200.000,200.000,200.0,1,adjust_flow(delta=0.000),no_alarm
527.087,control,normal_flow,0,normal_bag,inf,200.000,200.000,200.0,1,adjust_flow(delta=0.000),no_alarm
528.087,control,normal_flow,0,normal_bag,inf,200.000,200.000,200.0,1,adjust_flow(delta=0.000),no_alarm
529.087,control,normal_flow,0,normal_bag,inf,200.000,200.000,200.0,1,adjust_flow(delta=0.000),no_alarm
530.087,control,normal_flow,0,normal_bag,inf,200.000,200.000,200.0,1,adjust_flow(delta=0.000),no_alarm
531.087,control,normal_flow,0,normal_bag,inf,200.000,200.000,200.0,1,adjust_flow(delta=0.000),no_alarm
532.087,control,normal_flow,0,normal_bag,inf,200.000,200.000,200.0,1,adjust_flow(delta=0.000),no_alarm
533.087,control,normal_flow,0,normal_bag,inf,200.000,200.000,200.0,1,adjust_flow(delta=0.000),no_alarm
534.087,control,normal_flow,0,normal_bag,inf,200.000,200.000,200.0,1,adjust_flow(delta=0.000),no_alarm
535.087,control,normal_flow,0,normal_bag,inf,200.000,200.000,200.0,1,adjust_flow(delta=0.000),no_alarm
536.087,control,normal_flow,0,normal_bag,inf,200.000,200.000,200.0,1,adjust_flow(delta=0.000),no_alarm
537.087,control,normal_flow,0,normal_bag,inf,200.000,200.000,200.0,1,adjust_flow(delta=0.000),no_alarm
538.087,control,normal_flow,0,normal_bag,inf,200.000,200.000,200.0,1,adjust_flow(delta=0.000),no_alarm
539.087,control,normal_flow,0,normal_bag,inf,200.000,200.000,200.0,1,adjust_flow(delta=0.000),no_alarm
540.087,control,normal_flow,0,normal_bag,inf,200.000,200.000,200.0,1,adjust_flow(delta=0.000),no_alarm
541.087,control,normal_flow,0,normal_bag,inf,200.000,200.000,200.0,1,adjust_flow(delta=0.000),no_alarm
542.087,control,normal_flow,0,normal_bag,inf,200.000,200.000,200.0,1,adjust_flow(delta=0.000),no_alarm
543.087,control,normal_flow,0,normal_bag,inf,200.000,200.000,200.0,1,adjust_flow(delta=0.000),no_alarm
544.087,control,normal_flow,0,normal_bag,inf,200.000,200.000,200.0,1,adjust_flow(delta=0.000),no_alarm
545.087,control,normal_flow,0,normal_bag,inf,200.000,200.000,200.0,1,adjust_flow(delta=0.000),no_alarm
546.087,control,normal_flow,0,normal_bag,inf,200.000,200.000,200.0,1,adjust_flow(delta=0.000),no_alarm
547.087,control,normal_flow,0,normal_bag,inf,200.000,200.000,200.0,1,adjust_flow(delta=0.000),no_alarm
548.087,control,normal_flow,0,normal_bag,inf,200.000,200.000,200.0,1,adjust_flow(delta=0.000),no_alarm
549.087,control,normal_flow,0,normal_bag,inf,200.000,200.000,200.0,1,adjust_flow(delta=0.000),no_alarm
550.087,control,normal_flow,0,normal_bag,inf,200.000,200.000,200.0,1,adjust_flow(delta=0.000),no_alarm
551.087,control,normal_flow,0,normal_bag,inf,200.000,200.000,200.0,1,adjust_flow(delta=0.000),no_alarm
552.087,control,normal_flow,0,normal_bag,inf,200.000,200.000,200.0,1,adjust_flow(delta=0.000),no_alarm
553.087,control,normal_flow,0,normal_bag,inf,200.000,200.000,200.0,1,adjust_flow(delta=0.000),no_alarm
554.087,control,normal_flow,0,normal_bag,inf,200.000,200.000,200.0,1,adjust_flow(delta=0.000),no_alarm
555.087,control,normal_flow,0,normal_bag,inf,200.000,200.000,200.0,1,adjust_flow(delta=0.000),no_alarm
556.087,control,normal_flow,0,normal_bag,inf,200.000,200.000,200.0,1,adjust_flow(delta=0.000),no_alarm
557.087,control,normal_flow,0,normal_bag,inf,200.000,200.000,200.0,1,adjust_flow(delta=0.000),no_alarm
558.087,control,normal_flow,0,normal_bag,inf,200.000,200.000,200.0,1,adjust_flow(delta=0.000),no_alarm
559.087,control,normal_flow,0,normal_bag,inf,200.000,200.000,200.0,1,adjust_flow(delta=0.000),no_alarm
560.087,control,normal_flow,0,normal_bag,inf,200.000,200.000,200.0,1,adjust_flow(delta=0.000),no_alarm
561.087,control,normal_flow,0,normal_bag,inf,200.000,200.000,200.0,1,adjust_flow(delta=0.000),no_alarm
562.087,control,normal_flow,0,normal_bag,inf,200.000,200.000,200.0,1,adjust_flow(delta=0.000),no_alarm
563.087,control,normal_flow,0,normal_bag,inf,200.000,200.000,200.0,1,adjust_flow(delta=0.000),no_alarm
564.087,control,normal_flow,0,normal_bag,inf,200.000,200.000,200.0,1,adjust_flow(delta=0.000),no_alarm
565.087,control,normal_flow,0,normal_bag,inf,200.000,200.000,200.0,1,adjust_flow(delta=0.000),no_alarm
566.087,control,normal_flow,0,normal_bag,inf,200.000,200.000,200.0,1,adjust_flow(delta=0.000),no_alarm
567.087,control,normal_flow,0,normal_bag,inf,200.000,200.000,200.0,1,adjust_flow(delta=0.000),no_alarm
568.087,control,normal_flow,0,normal_bag,inf,200.000,200.000,200.0,1,adjust_flow(delta=0.000),no_alarm
569.087,control,normal_flow,0,normal_bag,inf,200.000,200.000,200.0,1,adjust_flow(delta=0.000),no_alarm
570.087,control,normal_flow,0,normal_bag,inf,200.000,200.000,200.0,1,adjust_flow(delta=0.000),no_alarm
571.087,control,normal_flow,0,normal_bag,inf,200.000,200.000,200.0,1,adjust_flow(delta=0.000),no_alarm
572.087,control,normal_flow,0,normal_bag,inf,200.000,200.000,200.0,1,adjust_flow(delta=0.000),no_alarm
573.087,control,normal_flow,0,normal_bag,inf,200.000,200.000,200.0,1,adjust_flow(delta=0.000),no_alarm
574.087,control,normal_flow,0,normal_bag,inf,200.000,200.000,200.0,1,adjust_flow(delta=0.000),no_alarm
575.087,control,normal_flow,0,normal_bag,inf,200.000,200.000,200.0,1,adjust_flow(delta=0.000),no_alarm
576.087,control,normal_flow,0,normal_bag,inf,200.000,200.000,200.0,1,adjust_flow(delta=0.000),no_alarm
577.087,control,normal_flow,0,normal_bag,inf,200.000,200.000,200.0,1,adjust_flow(delta=0.000),no_alarm
578.087,control,normal_flow,0,normal_bag,inf,200.000,200.000,200.0,1,adjust_flow(delta=0.000),no_alarm
579.087,control,normal_flow,0,normal_bag,inf,200.000,200.000,200.0,1,adjust_flow(delta=0.000),no_alarm
580.087,control,normal_flow,0,normal_bag,inf,200.000,200.000,200.0,1,adjust_flow(delta=0.000),no_alarm
581.087,control,normal_flow,0,normal_bag,inf,200.000,200.000,200.0,1,adjust_flow(delta=0.000),no_alarm
582.087,control,normal_flow,0,normal_bag,inf,200.000,200.000,200.0,1,adjust_flow(delta=0.000),no_alarm
583.087,control,normal_flow,0,normal_bag,inf,200.000,200.000,200.0,1,adjust_flow(delta=0.000),no_alarm
584.087,control,normal_flow,0,normal_bag,inf,200.000,200.000,200.0,1,adjust_flow(delta=0.000),no_alarm
585.087,control,normal_flow,0,normal_bag,inf,200.000,200.000,200.0,1,adjust_flow(delta=0.000),no_alarm
586.087,control,normal_flow,0,normal_bag,inf,200.000,200.000,200.0,1,adjust_flow(delta=0.000),no_alarm
587.087,control,normal_flow,0,normal_bag,inf,200.000,200.000,200.0,1,adjust_flow(delta=0.000),no_alarm
588.087,control,normal_flow,0,normal_bag,inf,200.000,200.000,200.0,1,adjust_flow(delta=0.000),no_alarm
589.087,control,normal_flow,0,normal_bag,inf,200.000,200.000,200.0,1,adjust_flow(delta=0.000),no_alarm
590.087,control,normal_flow,0,normal_bag,inf,200.000,200.000,200.0,1,adjust_flow(delta=0.000),no_alarm
591.087,control,normal_flow,0,normal_bag,inf,200.000,200.000,200.0,1,adjust_flow(delta=0.000),no_alarm
592.087,control,normal_flow,0,normal_bag,inf,200.000,200.000,200.0,1,adjust_flow(delta=0.000),no_alarm
593.087,control,normal_flow,0,normal_bag,inf,200.000,200.000,200.0,1,adjust_flow(delta=0.000),no_alarm
594.087,control,normal_flow,0,normal_bag,inf,200.000,200.000,200.0,1,adjust_flow(delta=0.000),no_alarm
595.087,control,normal_flow,0,normal_bag,inf,200.000,200.000,200.0,1,adjust_flow(delta=0.000),no_alarm
596.087,control,normal_flow,0,normal_bag,inf,200.000,200.000,200.0,1,adjust_flow(delta=0.000),no_alarm
597.087,control,normal_flow,0,normal_bag,inf,200.000,200.000,200.0,1,adjust_flow(delta=0.000),no_alarm
598.087,control,normal_flow,0,normal_bag,inf,200.000,200.000,200.0,1,adjust_flow(delta=0.000),no_alarm
599.087,control,normal_flow,0,normal_bag,inf,200.000,200.000,200.0,1,adjust_flow(delta=0.000),no_alarm
600.087,control,normal_flow,0,normal_bag,inf,200.000,200.000,200.0,1,adjust_flow(delta=0.000),no_alarm
601.087,control,normal_flow,0,normal_bag,inf,200.000,200.000,200.0,1,adjust_flow(delta=0.000),no_alarm
602.087,control,normal_flow,0,normal_bag,inf,200.000,200.000,200.0,1,adjust_flow(delta=0.000),no_alarm
603.087,control,normal_flow,0,normal_bag,inf,200.000,200.000,200.0,1,adjust_flow(delta=0.000),no_alarm
604.087,control,normal_flow,0,normal_bag,inf,200.000,200.000,200.0,1,adjust_flow(delta=0.000),no_alarm
605.087,control,normal_flow,0,normal_bag,inf,200.000,200.000,200.0,1,adjust_flow(delta=0.000),no_alarm
606.087,control,normal_flow,0,normal_bag,inf,200.000,200.000,200.0,1,adjust_flow(delta=0.000),no_alarm
607.087,control,normal_flow,0,normal_bag,inf,200.000,200.000,200.0,1,adjust_flow(delta=0.000),no_alarm
608.087,control,normal_flow,0,normal_bag,inf,200.000,200.000,200.0,1,adjust_flow(delta=0.000),no_alarm
609.087,control,normal_flow,0,normal_bag,inf,200.000,200.000,200.0,1,adjust_flow(delta=0.000),no_alarm
610.087,control,normal_flow,0,normal_bag,inf,200.000,200.000,200.0,1,adjust_flow(delta=0.000),no_alarm
611.087,control,normal_flow,0,normal_bag,inf,200.000,200.000,200.0,1,adjust_flow(delta=0.000),no_alarm
612.087,control,normal_flow,0,normal_bag,inf,200.000,200.000,200.0,1,adjust_flow(delta=0.000),no_alarm
613.087,control,normal_flow,0,normal_bag,inf,200.000,200.000,200.0,1,adjust_flow(delta=0.000),no_alarm
614.087,control,normal_flow,0,normal_bag,inf,200.000,200.000,200.0,1,adjust_flow(delta=0.000),no_alarm
615.087,control,normal_flow,0,normal_bag,inf,200.000,200.000,200.0,1,adjust_flow(delta=0.000),no_alarm
616.087,control,normal_flow,0,normal_bag,inf,200.000,200.000,200.0,1,adjust_flow(delta=0.000),no_alarm
617.087,control,normal_flow,0,normal_bag,inf,200.000,200.000,200.0,1,adjust_flow(delta=0.000),no_alarm
618.087,control,normal_flow,0,normal_bag,inf,200.000,200.000,200.0,1,adjust_flow(delta=0.000),no_alarm
619.087,control,normal_flow,0,normal_bag,inf,200.000,200.000,200.0,1,adjust_flow(delta=0.000),no_alarm
620.087,control,normal_flow,0,normal_bag,inf,200.000,200.000,200.0,1,adjust_flow(delta=0.000),no_alarm
621.087,control,normal_flow,0,normal_bag,inf,200.000,200.000,200.0,1,adjust_flow(delta=0.000),no_alarm
622.087,control,normal_flow,0,normal_bag,inf,200.000,200.000,200.0,1,adjust_flow(delta=0.000),no_alarm
623.087,control,normal_flow,0,normal_bag,inf,200.000,200.000,200.0,1,adjust_flow(delta=0.000),no_alarm
624.087,control,normal_flow,0,normal_bag,inf,200.000,200.000,200.0,1,adjust_flow(delta=0.000),no_alarm
625.087,control,normal_flow,0,normal_bag,inf,200.000,200.000,200.0,1,adjust_flow(delta=0.000),no_alarm
626.087,control,normal_flow,0,normal_bag,inf,200.000,200.000,200.0,1,adjust_flow(delta=0.000),no_alarm
627.087,control,normal_flow,0,normal_bag,inf,200.000,200.000,200.0,1,adjust_flow(delta=0.000),no_alarm
628.087,control,normal_flow,0,normal_bag,inf,200.000,200.000,200.0,1,adjust_flow(delta=0.000),no_alarm
629.087,control,normal_flow,0,normal_bag,inf,200.000,200.000,200.0,1,adjust_flow(delta=0.000),no_alarm
630.087,control,normal_flow,0,normal_bag,inf,200.000,200.000,200.0,1,adjust_flow(delta=0.000),no_alarm
631.087,control,normal_flow,0,normal_bag,inf,200.000,200.000,200.0,1,adjust_flow(delta=0.000),no_alarm
632.087,control,normal_flow,0,normal_bag,inf,200.000,200.000,200.0,1,adjust_flow(delta=0.000),no_alarm
633.087,control,normal_flow,0,normal_bag,inf,200.000,200.000,200.0,1,adjust_flow(delta=0.000),no_alarm
634.087,control,normal_flow,0,normal_bag,inf,200.000,200.000,200.0,1,adjust_flow(delta=0.000),no_alarm
635.087,control,normal_flow,0,normal_bag,inf,200.000,200.000,200.0,1,adjust_flow(delta=0.000),no_alarm
636.087,control,normal_flow,0,normal_bag,inf,200.000,200.000,200.0,1,adjust_flow(delta=0.000),no_alarm
637.087,control,normal_flow,0,normal_bag,inf,200.000,200.000,200.0,1,adjust_flow(delta=0.000),no_alarm
638.087,control,normal_flow,0,normal_bag,inf,200.000,200.000,200.0,1,adjust_flow(delta=0.000),no_alarm
639.087,control,normal_flow,0,normal_bag,inf,200.000,200.000,200.0,1,adjust_flow(delta=0.000),no_alarm
640.087,control,normal_flow,0,normal_bag,inf,200.000,200.000,200.0,1,adjust_flow(delta=0.000),no_alarm
641.087,control,normal_flow,0,normal_bag,inf,200.000,200.000,200.0,1,adjust_flow(delta=0.000),no_alarm
642.087,control,normal_flow,0,normal_bag,inf,200.000,200.000,200.0,1,adjust_flow(delta=0.000),no_alarm
643.087,control,normal_flow,0,normal_bag,inf,200.000,200.000,200.0,1,adjust_flow(delta=0.000),no_alarm
644.087,control,normal_flow,0,normal_bag,inf,200.000,200.000,200.0,1,adjust_flow(delta=0.000),no_alarm
645.087,control,normal_flow,0,normal_bag,inf,200.000,200.000,200.0,1,adjust_flow(delta=0.000),no_alarm
646.087,control,normal_flow,0,normal_bag,inf,200.000,200.000,200.0,1,adjust_flow(delta=0.000),no_alarm
647.087,control,normal_flow,0,normal_bag,inf,200.000,200.000,200.0,1,adjust_flow(delta=0.000),no_alarm
648.087,control,normal_flow,0,normal_bag,inf,200.000,200.000,200.0,1,adjust_flow(delta=0.000),no_alarm
649.087,control,normal_flow,0,normal_bag,inf,200.000,200.000,200.0,1,adjust_flow(delta=0.000),no_alarm
650.087,control,normal_flow,0,normal_bag,inf,200.000,200.000,200.0,1,adjust_flow(delta=0.000),no_alarm
651.087,control,normal_flow,0,normal_bag,inf,200.000,200.000,200.0,1,adjust_flow(delta=0.000),no_alarm
652.087,control,normal_flow,0,normal_bag,inf,200.000,200.000,200.0,1,adjust_flow(delta=0.000),no_alarm
653.087,control,normal_flow,0,normal_bag,inf,200.000,200.000,200.0,1,adjust_flow(delta=0.000),no_alarm
654.087,control,normal_flow,0,normal_bag,inf,200.000,200.000,200.0,1,adjust_flow(delta=0.000),no_alarm
655.087,control,normal_flow,0,normal_bag,inf,200.000,200.000,200.0,1,adjust_flow(delta=0.000),no_alarm
656.087,control,normal_flow,0,normal_bag,inf,200.000,200.000,200.0,1,adjust_flow(delta=0.000),no_alarm
657.087,control,normal_flow,0,normal_bag,inf,200.000,200.000,200.0,1,adjust_flow(delta=0.000),no_alarm
658.087,control,normal_flow,0,normal_bag,inf,200.000,200.000,200.0,1,adjust_flow(delta=0.000),no_alarm
659.087,control,normal_flow,0,normal_bag,inf,200.000,200.000,200.0,1,adjust_flow(delta=0.000),no_alarm
660.087,control,normal_flow,0,normal_bag,inf,200.000,200.000,200.0,1,adjust_flow(delta=0.000),no_alarm
661.087,control,normal_flow,0,normal_bag,inf,200.000,200.000,200.0,1,adjust_flow(delta=0.000),no_alarm
662.087,control,normal_flow,0,normal_bag,inf,200.000,200.000,200.0,1,adjust_flow(delta=0.000),no_alarm
663.087,control,normal_flow,0,normal_bag,inf,200.000,200.000,200.0,1,adjust_flow(delta=0.000),no_alarm
664.087,control,normal_flow,0,normal_bag,inf,200.000,200.000,200.0,1,adjust_flow(delta=0.000),no_alarm
665.087,control,normal_flow,0,normal_bag,inf,200.000,200.000,200.0,1,adjust_flow(delta=0.000),no_alarm
666.087,control,normal_flow,0,normal_bag,inf,200.000,200.000,200.0,1,adjust_flow(delta=0.000),no_alarm
667.087,control,normal_flow,0,normal_bag,inf,200.000,200.000,200.0,1,adjust_flow(delta=0.000),no_alarm
668.087,control,normal_flow,0,normal_bag,inf,200.000,200.000,200.0,1,adjust_flow(delta=0.000),no_alarm
669.087,control,normal_flow,0,normal_bag,inf,200.000,200.000,200.0,1,adjust_flow(delta=0.000),no_alarm
670.087,control,normal_flow,0,normal_bag,inf,200.000,200.000,200.0,1,adjust_flow(delta=0.000),no_alarm
671.087,control,normal_flow,0,normal_bag,inf,200.000,200.000,200.0,1,adjust_flow(delta=0.000),no_alarm
672.087,control,normal_flow,0,normal_bag,inf,200.000,200.000,200.0,1,adjust_flow(delta=0.000),no_alarm
673.087,control,normal_flow,0,normal_bag,inf,200.000,200.000,200.0,1,adjust_flow(delta=0.000),no_alarm
674.087,control,normal_flow,0,normal_bag,inf,200.000,200.000,200.0,1,adjust_flow(delta=0.000),no_alarm
675.087,control,normal_flow,0,normal_bag,inf,200.000,200.000,200.0,1,adjust_flow(delta=0.000),no_alarm
676.087,control,normal_flow,0,normal_bag,inf,200.000,200.000,200.0,1,adjust_flow(delta=0.000),no_alarm
677.087,control,normal_flow,0,normal_bag,inf,200.000,200.000,200.0,1,adjust_flow(delta=0.000),no_alarm
678.087,control,normal_flow,0,normal_bag,inf,200.000,200.000,200.0,1,adjust_flow(delta=0.000),no_alarm
679.087,control,normal_flow,0,normal_bag,inf,200.000,200.000,200.0,1,adjust_flow(delta=0.000),no_alarm
680.087,control,normal_flow,0,normal_bag,inf,200.000,200.000,200.0,1,adjust_flow(delta=0.000),no_alarm
681.087,control,normal_flow,0,normal_bag,inf,200.000,200.000,200.0,1,adjust_flow(delta=0.000),no_alarm
682.087,control,normal_flow,0,normal_bag,inf,200.000,200.000,200.0,1,adjust_flow(delta=0.000),no_alarm
683.087,control,normal_flow,0,normal_bag,inf,200.000,200.000,200.0,1,adjust_flow(delta=0.000),no_alarm
684.087,control,normal_flow,0,normal_bag,inf,200.000,200.000,200.0,1,adjust_flow(delta=0.000),no_alarm
685.087,control,normal_flow,0,normal_bag,inf,200.000,200.000,200.0,1,adjust_flow(delta=0.000),no_alarm
686.087,control,normal_flow,0,normal_bag,inf,200.000,200.000,200.0,1,adjust_flow(delta=0.000),no_alarm
687.087,control,normal_flow,0,normal_bag,inf,200.000,200.000,200.0,1,adjust_flow(delta=0.000),no_alarm
688.087,control,normal_flow,0,normal_bag,inf,200.000,200.000,200.0,1,adjust_flow(delta=0.000),no_alarm
689.087,control,normal_flow,0,normal_bag,inf,200.000,200.000,200.0,1,adjust_flow(delta=0.000),no_alarm
690.087,control,normal_flow,0,normal_bag,inf,200.000,200.000,200.0,1,adjust_flow(delta=0.000),no_alarm
691.087,control,normal_flow,0,normal_bag,inf,200.000,200.000,200.0,1,adjust_flow(delta=0.000),no_alarm
692.087,control,normal_flow,0,normal_bag,inf,200.000,200.000,200.0,1,adjust_flow(delta=0.000),no_alarm
693.087,control,normal_flow,0,normal_bag,inf,200.000,200.000,200.0,1,adjust_flow(delta=0.000),no_alarm
694.087,control,normal_flow,0,normal_bag,inf,200.000,200.000,200.0,1,adjust_flow(delta=0.000),no_alarm
695.087,control,normal_flow,0,normal_bag,inf,200.000,200.000,200.0,1,adjust_flow(delta=0.000),no_alarm
696.087,control,normal_flow,0,normal_bag,inf,200.000,200.000,200.0,1,adjust_flow(delta=0.000),no_alarm
697.087,control,normal_flow,0,normal_bag,inf,200.000,200.000,200.0,1,adjust_flow(delta=0.000),no_alarm
698.087,control,normal_flow,0,normal_bag,inf,200.000,200.000,200.0,1,adjust_flow(delta=0.000),no_alarm
699.087,control,normal_flow,0,normal_bag,inf,200.000,200.000,200.0,1,adjust_flow(delta=0.000),no_alarm
700.087,control,normal_flow,0,normal_bag,inf,200.000,200.000,200.0,1,adjust_flow(delta=0.000),no_alarm
701.087,control,normal_flow,0,normal_bag,inf,200.000,200.000,200.0,1,adjust_flow(delta=0.000),no_alarm
702.087,control,normal_flow,0,normal_bag,inf,200.000,200.000,200.0,1,adjust_flow(delta=0.000),no_alarm
703.087,control,normal_flow,0,normal_bag,inf,200.000,200.000,200.0,1,adjust_flow(delta=0.000),no_alarm
704.087,control,normal_flow,0,normal_bag,inf,200.000,200.000,200.0,1,adjust_flow(delta=0.000),no_alarm
705.087,control,normal_flow,0,normal_bag,inf,200.000,200.000,200.0,1,adjust_flow(delta=0.000),no_alarm
706.087,control,normal_flow,0,normal_bag,inf,200.000,200.000,200.0,1,adjust_flow(delta=0.000),no_alarm
707.087,control,normal_flow,0,normal_bag,inf,200.000,200.000,200.0,1,adjust_flow(delta=0.000),no_alarm
708.087,control,normal_flow,0,normal_bag,inf,200.000,200.000,200.0,1,adjust_flow(delta=0.000),no_alarm
709.087,control,normal_flow,0,normal_bag,inf,200.000,200.000,200.0,1,adjust_flow(delta=0.000),no_alarm
710.087,control,normal_flow,0,normal_bag,inf,200.000,200.000,200.0,1,adjust_flow(delta=0.000),no_alarm
711.087,control,normal_flow,0,normal_bag,inf,200.000,200.000,200.0,1,adjust_flow(delta=0.000),no_alarm
712.087,control,normal_flow,0,normal_bag,inf,200.000,200.000,200.0,1,adjust_flow(delta=0.000),no_alarm
713.087,control,normal_flow,0,normal_bag,inf,200.000,200.000,200.0,1,adjust_flow(delta=0.000),no_alarm
714.087,control,normal_flow,0,normal_bag,inf,200.000,200.000,200.0,1,adjust_flow(delta=0.000),no_alarm
715.087,control,normal_flow,0,normal_bag,inf,200.000,200.000,200.0,1,adjust_flow(delta=0.000),no_alarm
716.087,control,normal_flow,0,normal_bag,inf,200.000,200.000,200.0,1,adjust_flow(delta=0.000),no_alarm
717.087,control,normal_flow,0,normal_bag,inf,200.000,200.000,200.0,1,adjust_flow(delta=0.000),no_alarm
718.087,control,normal_flow,0,normal_bag,inf,200.000,200.000,200.0,1,adjust_flow(delta=0.000),no_alarm
719.087,control,normal_flow,0,normal_bag,inf,200.000,200.000,200.0,1,adjust_flow(delta=0.000),no_alarm
720.087,control,normal_flow,0,normal_bag,inf,200.000,200.000,200.0,1,adjust_flow(delta=0.000),no_alarm
721.087,control,normal_flow,0,normal_bag,inf,200.000,200.000,200.0,1,adjust_flow(delta=0.000),no_alarm
722.087,control,normal_flow,0,normal_bag,inf,200.000,200.000,200.0,1,adjust_flow(delta=0.000),no_alarm
723.087,control,normal_flow,0,normal_bag,inf,200.000,200.000,200.0,1,adjust_flow(delta=0.000),no_alarm
724.087,control,normal_flow,0,normal_bag,inf,200.000,200.000,200.0,1,adjust_flow(delta=0.000),no_alarm
725.087,control,normal_flow,0,normal_bag,inf,200.000,200.000,200.0,1,adjust_flow(delta=0.000),no_alarm
726.087,control,normal_flow,0,normal_bag,inf,200.000,200.000,200.0,1,adjust_flow(delta=0.000),no_alarm
727.087,control,normal_flow,0,normal_bag,inf,200.000,200.000,200.0,1,adjust_flow(delta=0.000),no_alarm
728.087,control,normal_flow,0,normal_bag,inf,200.000,200.000,200.0,1,adjust_flow(delta=0.000),no_alarm
729.087,control,normal_flow,0,normal_bag,inf,200.000,200.000,200.0,1,adjust_flow(delta=0.000),no_alarm
730.087,control,normal_flow,0,normal_bag,inf,200.000,200.000,200.0,1,adjust_flow(delta=0.000),no_alarm
731.087,control,normal_flow,0,normal_bag,inf,200.000,200.000,200.0,1,adjust_flow(delta=0.000),no_alarm
732.087,control,normal_flow,0,normal_bag,inf,200.000,200.000,200.0,1,adjust_flow(delta=0.000),no_alarm
733.087,control,normal_flow,0,normal_bag,inf,200.000,200.000,200.0,1,adjust_flow(delta=0.000),no_alarm
734.087,control,normal_flow,0,normal_bag,inf,200.000,200.000,200.0,1,adjust_flow(delta=0.000),no_alarm
735.087,control,normal_flow,0,normal_bag,inf,200.000,200.000,200.0,1,adjust_flow(delta=0.000),no_alarm
736.087,control,normal_flow,0,normal_bag,inf,200.000,200.000,200.0,1,adjust_flow(delta=0.000),no_alarm
737.087,control,normal_flow,0,normal_bag,inf,200.000,200.000,200.0,1,adjust_flow(delta=0.000),no_alarm
738.087,control,normal_flow,0,normal_bag,inf,200.000,200.000,200.0,1,adjust_flow(delta=0.000),no_alarm
739.087,control,normal_flow,0,normal_bag,inf,200.000,200.000,200.0,1,adjust_flow(delta=0.000),no_alarm
740.087,control,normal_flow,0,normal_bag,inf,200.000,200.000,200.0,1,adjust_flow(delta=0.000),no_alarm
741.087,control,normal_flow,0,normal_bag,inf,200.000,200.000,200.0,1,adjust_flow(delta=0.000),no_alarm
742.087,control,normal_flow,0,normal_bag,inf,200.000,200.000,200.0,1,adjust_flow(delta=0.000),no_alarm
743.087,control,normal_flow,0,normal_bag,inf,200.000,200.000,200.0,1,adjust_flow(delta=0.000),no_alarm
744.087,control,normal_flow,0,normal_bag,inf,200.000,200.000,200.0,1,adjust_flow(delta=0.000),no_alarm
745.087,control,normal_flow,0,normal_bag,inf,200.000,200.000,200.0,1,adjust_flow(delta=0.000),no_alarm
746.087,control,normal_flow,0,normal_bag,inf,200.000,200.000,200.0,1,adjust_flow(delta=0.000),no_alarm
747.087,control,normal_flow,0,normal_bag,inf,200.000,200.000,200.0,1,adjust_flow(delta=0.000),no_alarm
748.087,control,normal_flow,0,normal_bag,inf,200.000,200.000,200.0,1,adjust_flow(delta=0.000),no_alarm
749.087,control,normal_flow,0,normal_bag,inf,200.000,200.000,200.0,1,adjust_flow(delta=0.000),no_alarm
750.087,control,normal_flow,0,normal_bag,inf,200.000,200.000,200.0,1,adjust_flow(delta=0.000),no_alarm
751.087,control,normal_flow,0,normal_bag,inf,200.000,200.000,200.0,1,adjust_flow(delta=0.000),no_alarm
752.087,control,normal_flow,0,normal_bag,inf,200.000,200.000,200.0,1,adjust_flow(delta=0.000),no_alarm
753.087,control,normal_flow,0,normal_bag,inf,200.000,200.000,200.0,1,adjust_flow(delta=0.000),no_alarm
754.087,control,normal_flow,0,normal_bag,inf,200.000,200.000,200.0,1,adjust_flow(delta=0.000),no_alarm
755.087,control,normal_flow,0,normal_bag,inf,200.000,200.000,200.0,1,adjust_flow(delta=0.000),no_alarm
756.087,control,normal_flow,0,normal_bag,inf,200.000,200.000,200.0,1,adjust_flow(delta=0.000),no_alarm
757.087,control,normal_flow,0,normal_bag,inf,200.000,200.000,200.0,1,adjust_flow(delta=0.000),no_alarm
758.087,control,normal_flow,0,normal_bag,inf,200.000,200.000,200.0,1,adjust_flow(delta=0.000),no_alarm
759.087,control,normal_flow,0,normal_bag,inf,200.000,200.000,200.0,1,adjust_flow(delta=0.000),no_alarm
760.087,control,normal_flow,0,normal_bag,inf,200.000,200.000,200.0,1,adjust_flow(delta=0.000),no_alarm
761.087,control,normal_flow,0,normal_bag,inf,200.000,200.000,200.0,1,adjust_flow(delta=0.000),no_alarm
762.087,control,normal_flow,0,normal_bag,inf,200.000,200.000,200.0,1,adjust_flow(delta=0.000),no_alarm
763.087,control,normal_flow,0,normal_bag,inf,200.000,200.000,200.0,1,adjust_flow(delta=0.000),no_alarm
764.087,control,normal_flow,0,normal_bag,inf,200.000,200.000,200.0,1,adjust_flow(delta=0.000),no_alarm
765.087,control,normal_flow,0,normal_bag,inf,200.000,200.000,200.0,1,adjust_flow(delta=0.000),no_alarm
766.087,control,normal_flow,0,normal_bag,inf,200.000,200.000,200.0,1,adjust_flow(delta=0.000),no_alarm
767.087,control,normal_flow,0,normal_bag,inf,200.000,200.000,200.0,1,adjust_flow(delta=0.000),no_alarm
768.087,control,normal_flow,0,normal_bag,inf,200.000,200.000,200.0,1,adjust_flow(delta=0.000),no_alarm
769.087,control,normal_flow,0,normal_bag,inf,200.000,200.000,200.0,1,adjust_flow(delta=0.000),no_alarm
770.087,control,normal_flow,0,normal_bag,inf,200.000,200.000,200.0,1,adjust_flow(delta=0.000),no_alarm
771.087,control,normal_flow,0,normal_bag,inf,200.000,200.000,200.0,1,adjust_flow(delta=0.000),no_alarm
772.087,control,normal_flow,0,normal_bag,inf,200.000,200.000,200.0,1,adjust_flow(delta=0.000),no_alarm
773.087,control,normal_flow,0,normal_bag,inf,200.000,200.000,200.0,1,adjust_flow(delta=0.000),no_alarm
774.087,control,normal_flow,0,normal_bag,inf,200.000,200.000,200.0,1,adjust_flow(delta=0.000),no_alarm
775.087,control,normal_flow,0,normal_bag,inf,200.000,200.000,200.0,1,adjust_flow(delta=0.000),no_alarm
776.087,control,normal_flow,0,normal_bag,inf,200.000,200.000,200.0,1,adjust_flow(delta=0.000),no_alarm
777.087,control,normal_flow,0,normal_bag,inf,200.000,200.000,200.0,1,adjust_flow(delta=0.000),no_alarm
778.087,control,normal_flow,0,normal_bag,inf,200.000,200.000,200.0,1,adjust_flow(delta=0.000),no_alarm
779.087,control,normal_flow,0,normal_bag,inf,200.000,200.000,200.0,1,adjust_flow(delta=0.000),no_alarm
780.087,control,normal_flow,0,normal_bag,inf,200.000,200.000,200.0,1,adjust_flow(delta=0.000),no_alarm
781.087,control,normal_flow,0,normal_bag,inf,200.000,200.000,200.0,1,adjust_flow(delta=0.000),no_alarm
782.087,control,normal_flow,0,normal_bag,inf,200.000,200.000,200.0,1,adjust_flow(delta=0.000),no_alarm
783.087,control,normal_flow,0,normal_bag,inf,200.000,200.000,200.0,1,adjust_flow(delta=0.000),no_alarm
784.087,control,normal_flow,0,normal_bag,inf,200.000,200.000,200.0,1,adjust_flow(delta=0.000),no_alarm
785.087,control,normal_flow,0,normal_bag,inf,200.000,200.000,200.0,1,adjust_flow(delta=0.000),no_alarm
786.087,control,normal_flow,0,normal_bag,inf,200.000,200.000,200.0,1,adjust_flow(delta=0.000),no_alarm
787.087,control,normal_flow,0,normal_bag,inf,200.000,200.000,200.0,1,adjust_flow(delta=0.000),no_alarm
788.087,control,normal_flow,0,normal_bag,inf,200.000,200.000,200.0,1,adjust_flow(delta=0.000),no_alarm
789.087,control,normal_flow,0,normal_bag,inf,200.000,200.000,200.0,1,adjust_flow(delta=0.000),no_alarm
790.087,control,normal_flow,0,normal_bag,inf,200.000,200.000,200.0,1,adjust_flow(delta=0.000),no_alarm
791.087,control,normal_flow,0,normal_bag,inf,200.000,200.000,200.0,1,adjust_flow(delta=0.000),no_alarm
792.087,control,normal_flow,0,normal_bag,inf,200.000,200.000,200.0,1,adjust_flow(delta=0.000),no_alarm
793.087,control,normal_flow,0,normal_bag,inf,200.000,200.000,200.0,1,adjust_flow(delta=0.000),no_alarm
794.087,control,normal_flow,0,normal_bag,inf,200.000,200.000,200.0,1,adjust_flow(delta=0.000),no_alarm
795.087,control,normal_flow,0,normal_bag,inf,200.000,200.000,200.0,1,adjust_flow(delta=0.000),no_alarm
796.087,control,normal_flow,0,normal_bag,inf,200.000,200.000,200.0,1,adjust_flow(delta=0.000),no_alarm
797.087,control,normal_flow,0,normal_bag,inf,200.000,200.000,200.0,1,adjust_flow(delta=0.000),no_alarm
798.087,control,normal_flow,0,normal_bag,inf,200.000,200.000,200.0,1,adjust_flow(delta=0.000),no_alarm
799.087,control,normal_flow,0,normal_bag,inf,200.000,200.000,200.0,1,adjust_flow(delta=0.000),no_alarm
800.087,control,normal_flow,0,normal_bag,inf,200.000,200.000,200.0,1,adjust_flow(delta=0.000),no_alarm
801.087,control,normal_flow,0,normal_bag,inf,200.000,200.000,200.0,1,adjust_flow(delta=0.000),no_alarm
802.087,control,normal_flow,0,normal_bag,inf,200.000,200.000,200.0,1,adjust_flow(delta=0.000),no_alarm
803.087,control,normal_flow,0,normal_bag,inf,200.000,200.000,200.0,1,adjust_flow(delta=0.000),no_alarm
804.087,control,normal_flow,0,normal_bag,inf,200.000,200.000,200.0,1,adjust_flow(delta=0.000),no_alarm
805.087,control,normal_flow,0,normal_bag,inf,200.000,200.000,200.0,1,adjust_flow(delta=0.000),no_alarm
806.087,control,normal_flow,0,normal_bag,inf,200.000,200.000,200.0,1,adjust_flow(delta=0.000),no_alarm
807.087,control,normal_flow,0,normal_bag,inf,200.000,200.000,200.0,1,adjust_flow(delta=0.000),no_alarm
808.087,control,normal_flow,0,normal_bag,inf,200.000,200.000,200.0,1,adjust_flow(delta=0.000),no_alarm
809.087,control,normal_flow,0,normal_bag,inf,200.000,200.000,200.0,1,adjust_flow(delta=0.000),no_alarm
810.087,control,normal_flow,0,normal_bag,inf,200.000,200.000,200.0,1,adjust_flow(delta=0.000),no_alarm
811.087,control,normal_flow,0,normal_bag,inf,200.000,200.000,200.0,1,adjust_flow(delta=0.000),no_alarm
812.087,control,normal_flow,0,normal_bag,inf,200.000,200.000,200.0,1,adjust_flow(delta=0.000),no_alarm
813.087,control,normal_flow,0,normal_bag,inf,200.000,200.000,200.0,1,adjust_flow(delta=0.000),no_alarm
814.087,control,normal_flow,0,normal_bag,inf,200.000,200.000,200.0,1,adjust_flow(delta=0.000),no_alarm
815.087,control,normal_flow,0,normal_bag,inf,200.000,200.000,200.0,1,adjust_flow(delta=0.000),no_alarm
816.087,control,normal_flow,0,normal_bag,inf,200.000,200.000,200.0,1,adjust_flow(delta=0.000),no_alarm
817.087,control,normal_flow,0,normal_bag,inf,200.000,200.000,200.0,1,adjust_flow(delta=0.000),no_alarm
818.087,control,normal_flow,0,normal_bag,inf,200.000,200.000,200.0,1,adjust_flow(delta=0.000),no_alarm
819.087,control,normal_flow,0,normal_bag,inf,200.000,200.000,200.0,1,adjust_flow(delta=0.000),no_alarm
820.087,control,normal_flow,0,normal_bag,inf,200.000,200.000,200.0,1,adjust_flow(delta=0.000),no_alarm
821.087,control,normal_flow,0,normal_bag,inf,200.000,200.000,200.0,1,adjust_flow(delta=0.000),no_alarm
822.087,control,normal_flow,0,normal_bag,inf,200.000,200.000,200.0,1,adjust_flow(delta=0.000),no_alarm
823.087,control,normal_flow,0,normal_bag,inf,200.000,200.000,200.0,1,adjust_flow(delta=0.000),no_alarm
824.087,control,normal_flow,0,normal_bag,inf,200.000,200.000,200.0,1,adjust_flow(delta=0.000),no_alarm
825.087,control,normal_flow,0,normal_bag,inf,200.000,200.000,200.0,1,adjust_flow(delta=0.000),no_alarm
826.087,control,normal_flow,0,normal_bag,inf,200.000,200.000,200.0,1,adjust_flow(delta=0.000),no_alarm
827.087,control,normal_flow,0,normal_bag,inf,200.000,200.000,200.0,1,adjust_flow(delta=0.000),no_alarm
828.087,control,normal_flow,0,normal_bag,inf,200.000,200.000,200.0,1,adjust_flow(delta=0.000),no_alarm
829.087,control,normal_flow,0,normal_bag,inf,200.000,200.000,200.0,1,adjust_flow(delta=0.000),no_alarm
830.087,control,normal_flow,0,normal_bag,inf,200.000,200.000,200.0,1,adjust_flow(delta=0.000),no_alarm
831.087,control,normal_flow,0,normal_bag,inf,200.000,200.000,200.0,1,adjust_flow(delta=0.000),no_alarm
832.087,control,normal_flow,0,normal_bag,inf,200.000,200.000,200.0,1,adjust_flow(delta=0.000),no_alarm
833.087,control,normal_flow,0,normal_bag,inf,200.000,200.000,200.0,1,adjust_flow(delta=0.000),no_alarm
834.087,control,normal_flow,0,normal_bag,inf,200.000,200.000,200.0,1,adjust_flow(delta=0.000),no_alarm
835.087,control,normal_flow,0,normal_bag,inf,200.000,200.000,200.0,1,adjust_flow(delta=0.000),no_alarm
836.087,control,normal_flow,0,normal_bag,inf,200.000,200.000,200.0,1,adjust_flow(delta=0.000),no_alarm
837.087,control,normal_flow,0,normal_bag,inf,200.000,200.000,200.0,1,adjust_flow(delta=0.000),no_alarm
838.087,control,normal_flow,0,normal_bag,inf,200.000,200.000,200.0,1,adjust_flow(delta=0.000),no_alarm
839.087,control,normal_flow,0,normal_bag,inf,200.000,200.000,200.0,1,adjust_flow(delta=0.000),no_alarm
840.087,control,normal_flow,0,normal_bag,inf,200.000,200.000,200.0,1,adjust_flow(delta=0.000),no_alarm
841.087,control,normal_flow,0,normal_bag,inf,200.000,200.000,200.0,1,adjust_flow(delta=0.000),no_alarm
842.087,control,normal_flow,0,normal_bag,inf,200.000,200.000,200.0,1,adjust_flow(delta=0.000),no_alarm
843.087,control,normal_flow,0,normal_bag,inf,200.000,200.000,200.0,1,adjust_flow(delta=0.000),no_alarm
844.087,control,normal_flow,0,normal_bag,inf,200.000,200.000,200.0,1,adjust_flow(delta=0.000),no_alarm
845.087,control,normal_flow,0,normal_bag,inf,200.000,200.000,200.0,1,adjust_flow(delta=0.000),no_alarm
846.087,control,normal_flow,0,normal_bag,inf,200.000,200.000,200.0,1,adjust_flow(delta=0.000),no_alarm
847.087,control,normal_flow,0,normal_bag,inf,200.000,200.000,200.0,1,adjust_flow(delta=0.000),no_alarm
848.087,control,normal_flow,0,normal_bag,inf,200.000,200.000,200.0,1,adjust_flow(delta=0.000),no_alarm
849.087,control,normal_flow,0,normal_bag,inf,200.000,200.000,200.0,1,adjust_flow(delta=0.000),no_alarm
850.087,control,normal_flow,0,normal_bag,inf,200.000,200.000,200.0,1,adjust_flow(delta=0.000),no_alarm
851.087,control,normal_flow,0,normal_bag,inf,200.000,200.000,200.0,1,adjust_flow(delta=0.000),no_alarm
852.087,control,normal_flow,0,normal_bag,inf,200.000,200.000,200.0,1,adjust_flow(delta=0.000),no_alarm
853.087,control,normal_flow,0,normal_bag,inf,200.000,200.000,200.0,1,adjust_flow(delta=0.000),no_alarm
854.087,control,normal_flow,0,normal_bag,inf,200.000,200.000,200.0,1,adjust_flow(delta=0.000),no_alarm
855.087,control,normal_flow,0,normal_bag,inf,200.000,200.000,200.0,1,adjust_flow(delta=0.000),no_alarm
856.087,control,normal_flow,0,normal_bag,inf,200.000,200.000,200.0,1,adjust_flow(delta=0.000),no_alarm
857.087,control,normal_flow,0,normal_bag,inf,200.000,200.000,200.0,1,adjust_flow(delta=0.000),no_alarm
858.087,control,normal_flow,0,normal_bag,inf,200.000,200.000,200.0,1,adjust_flow(delta=0.000),no_alarm
859.087,control,normal_flow,0,normal_bag,inf,200.000,200.000,200.0,1,adjust_flow(delta=0.000),no_alarm
860.087,control,normal_flow,0,normal_bag,inf,200.000,200.000,200.0,1,adjust_flow(delta=0.000),no_alarm
861.087,control,normal_flow,0,normal_bag,inf,200.000,200.000,200.0,1,adjust_flow(delta=0.000),no_alarm
862.087,control,normal_flow,0,normal_bag,inf,200.000,200.000,200.0,1,adjust_flow(delta=0.000),no_alarm
863.087,control,normal_flow,0,normal_bag,inf,200.000,200.000,200.0,1,adjust_flow(delta=0.000),no_alarm
864.087,control,normal_flow,0,normal_bag,inf,200.000,200.000,200.0,1,adjust_flow(delta=0.000),no_alarm
865.087,control,normal_flow,0,normal_bag,inf,200.000,200.000,200.0,1,adjust_flow(delta=0.000),no_alarm
866.087,control,normal_flow,0,normal_bag,inf,200.000,200.000,200.0,1,adjust_flow(delta=0.000),no_alarm
867.087,control,normal_flow,0,normal_bag,inf,200.000,200.000,200.0,1,adjust_flow(delta=0.000),no_alarm
868.087,control,normal_flow,0,normal_bag,inf,200.000,200.000,200.0,1,adjust_flow(delta=0.000),no_alarm
869.087,control,normal_flow,0,normal_bag,inf,200.000,200.000,200.0,1,adjust_flow(delta=0.000),no_alarm
870.087,control,normal_flow,0,normal_bag,inf,200.000,200.000,200.0,1,adjust_flow(delta=0.000),no_alarm
871.087,control,normal_flow,0,normal_bag,inf,200.000,200.000,200.0,1,adjust_flow(delta=0.000),no_alarm
872.087,control,normal_flow,0,normal_bag,inf,200.000,200.000,200.0,1,adjust_flow(delta=0.000),no_alarm
873.087,control,normal_flow,0,normal_bag,inf,200.000,200.000,200.0,1,adjust_flow(delta=0.000),no_alarm
874.087,control,normal_flow,0,normal_bag,inf,200.000,200.000,200.0,1,adjust_flow(delta=0.000),no_alarm
875.087,control,normal_flow,0,normal_bag,inf,200.000,200.000,200.0,1,adjust_flow(delta=0.000),no_alarm
876.087,control,normal_flow,0,normal_bag,inf,200.000,200.000,200.0,1,adjust_flow(delta=0.000),no_alarm
877.087,control,normal_flow,0,normal_bag,inf,200.000,200.000,200.0,1,adjust_flow(delta=0.000),no_alarm
878.087,control,normal_flow,0,normal_bag,inf,200.000,200.000,200.0,1,adjust_flow(delta=0.000),no_alarm
879.087,control,normal_flow,0,normal_bag,inf,200.000,200.000,200.0,1,adjust_flow(delta=0.000),no_alarm
880.087,control,normal_flow,0,normal_bag,inf,200.000,200.000,200.0,1,adjust_flow(delta=0.000),no_alarm
881.087,control,normal_flow,0,normal_bag,inf,200.000,200.000,200.0,1,adjust_flow(delta=0.000),no_alarm
882.087,control,normal_flow,0,normal_bag,inf,200.000,200.000,200.0,1,adjust_flow(delta=0.000),no_alarm
883.087,control,normal_flow,0,normal_bag,inf,200.000,200.000,200.0,1,adjust_flow(delta=0.000),no_alarm
884.087,control,normal_flow,0,normal_bag,inf,200.000,200.000,200.0,1,adjust_flow(delta=0.000),no_alarm
885.087,control,normal_flow,0,normal_bag,inf,200.000,200.000,200.0,1,adjust_flow(delta=0.000),no_alarm
886.087,control,normal_flow,0,normal_bag,inf,200.000,200.000,200.0,1,adjust_flow(delta=0.000),no_alarm
887.087,control,normal_flow,0,normal_bag,inf,200.000,200.000,200.0,1,adjust_flow(delta=0.000),no_alarm
888.087,control,normal_flow,0,normal_bag,inf,200.000,200.000,200.0,1,adjust_flow(delta=0.000),no_alarm
889.087,control,normal_flow,0,normal_bag,inf,200.000,200.000,200.0,1,adjust_flow(delta=0.000),no_alarm
890.087,control,normal_flow,0,normal_bag,inf,200.000,200.000,200.0,1,adjust_flow(delta=0.000),no_alarm
891.087,control,normal_flow,0,normal_bag,inf,200.000,200.000,200.0,1,adjust_flow(delta=0.000),no_alarm
892.087,control,normal_flow,0,normal_bag,inf,200.000,200.000,200.0,1,adjust_flow(delta=0.000),no_alarm
893.087,control,normal_flow,0,normal_bag,inf,200.000,200.000,200.0,1,adjust_flow(delta=0.000),no_alarm
894.087,control,normal_flow,0,normal_bag,inf,200.000,200.000,200.0,1,adjust_flow(delta=0.000),no_alarm
895.087,control,normal_flow,0,normal_bag,inf,200.000,200.000,200.0,1,adjust_flow(delta=0.000),no_alarm
896.087,control,normal_flow,0,normal_bag,inf,200.000,200.000,200.0,1,adjust_flow(delta=0.000),no_alarm
897.087,control,normal_flow,0,normal_bag,inf,200.000,200.000,200.0,1,adjust_flow(delta=0.000),no_alarm
898.087,control,normal_flow,0,normal_bag,inf,200.000,200.000,200.0,1,adjust_flow(delta=0.000),no_alarm
899.087,control,normal_flow,0,normal_bag,inf,200.000,200.000,200.0,1,adjust_flow(delta=0.000),no_alarm
900.087,control,normal_flow,0,normal_bag,inf,200.000,200.000,200.0,1,adjust_flow(delta=0.000),no_alarm
901.087,control,normal_flow,0,normal_bag,inf,200.000,200.000,200.0,1,adjust_flow(delta=0.000),no_alarm
902.087,control,normal_flow,0,normal_bag,inf,200.000,200.000,200.0,1,adjust_flow(delta=0.000),no_alarm
903.087,control,normal_flow,0,normal_bag,inf,200.000,200.000,200.0,1,adjust_flow(delta=0.000),no_alarm
904.087,control,normal_flow,0,normal_bag,inf,200.000,200.000,200.0,1,adjust_flow(delta=0.000),no_alarm
905.087,control,normal_flow,0,normal_bag,inf,200.000,200.000,200.0,1,adjust_flow(delta=0.000),no_alarm
906.087,control,normal_flow,0,normal_bag,inf,200.000,200.000,200.0,1,adjust_flow(delta=0.000),no_alarm
907.087,control,normal_flow,0,normal_bag,inf,200.000,200.000,200.0,1,adjust_flow(delta=0.000),no_alarm
908.087,control,normal_flow,0,normal_bag,inf,200.000,200.000,200.0,1,adjust_flow(delta=0.000),no_alarm
909.087,control,normal_flow,0,normal_bag,inf,200.000,200.000,200.0,1,adjust_flow(delta=0.000),no_alarm
910.087,control,normal_flow,0,normal_bag,inf,200.000,200.000,200.0,1,adjust_flow(delta=0.000),no_alarm
911.087,control,normal_flow,0,normal_bag,inf,200.000,200.000,200.0,1,adjust_flow(delta=0.000),no_alarm
912.087,control,normal_flow,0,normal_bag,inf,200.000,200.000,200.0,1,adjust_flow(delta=0.000),no_alarm
913.087,control,normal_flow,0,normal_bag,inf,200.000,200.000,200.0,1,adjust_flow(delta=0.000),no_alarm
914.087,control,normal_flow,0,normal_bag,inf,200.000,200.000,200.0,1,adjust_flow(delta=0.000),no_alarm
915.087,control,normal_flow,0,normal_bag,inf,200.000,200.000,200.0,1,adjust_flow(delta=0.000),no_alarm
916.087,control,normal_flow,0,normal_bag,inf,200.000,200.000,200.0,1,adjust_flow(delta=0.000),no_alarm
917.087,control,normal_flow,0,normal_bag,inf,200.000,200.000,200.0,1,adjust_flow(delta=0.000),no_alarm
918.087,control,normal_flow,0,normal_bag,inf,200.000,200.000,200.0,1,adjust_flow(delta=0.000),no_alarm
919.087,control,normal_flow,0,normal_bag,inf,200.000,200.000,200.0,1,adjust_flow(delta=0.000),no_alarm
920.087,control,normal_flow,0,normal_bag,inf,200.000,200.000,200.0,1,adjust_flow(delta=0.000),no_alarm
921.087,control,normal_flow,0,normal_bag,inf,200.000,200.000,200.0,1,adjust_flow(delta=0.000),no_alarm
922.087,control,normal_flow,0,normal_bag,inf,200.000,200.000,200.0,1,adjust_flow(delta=0.000),no_alarm
923.087,control,normal_flow,0,normal_bag,inf,200.000,200.000,200.0,1,adjust_flow(delta=0.000),no_alarm
924.087,control,normal_flow,0,normal_bag,inf,200.000,200.000,200.0,1,adjust_flow(delta=0.000),no_alarm
925.087,control,normal_flow,0,normal_bag,inf,200.000,200.000,200.0,1,adjust_flow(delta=0.000),no_alarm
926.087,control,normal_flow,0,normal_bag,inf,200.000,200.000,200.0,1,adjust_flow(delta=0.000),no_alarm
927.087,control,normal_flow,0,normal_bag,inf,200.000,200.000,200.0,1,adjust_flow(delta=0.000),no_alarm
928.087,control,normal_flow,0,normal_bag,inf,200.000,200.000,200.0,1,adjust_flow(delta=0.000),no_alarm
929.087,control,normal_flow,0,normal_bag,inf,200.000,200.000,200.0,1,adjust_flow(delta=0.000),no_alarm
930.087,control,normal_flow,0,normal_bag,inf,200.000,200.000,200.0,1,adjust_flow(delta=0.000),no_alarm
931.087,control,normal_flow,0,normal_bag,inf,200.000,200.000,200.0,1,adjust_flow(delta=0.000),no_alarm
932.087,control,normal_flow,0,normal_bag,inf,200.000,200.000,200.0,1,adjust_flow(delta=0.000),no_alarm
933.087,control,normal_flow,0,normal_bag,inf,200.000,200.000,200.0,1,adjust_flow(delta=0.000),no_alarm
934.087,control,normal_flow,0,normal_bag,inf,200.000,200.000,200.0,1,adjust_flow(delta=0.000),no_alarm
935.087,control,normal_flow,0,normal_bag,inf,200.000,200.000,200.0,1,adjust_flow(delta=0.000),no_alarm
936.087,control,normal_flow,0,normal_bag,inf,200.000,200.000,200.0,1,adjust_flow(delta=0.000),no_alarm
937.087,control,normal_flow,0,normal_bag,inf,200.000,200.000,200.0,1,adjust_flow(delta=0.000),no_alarm
938.087,control,normal_flow,0,normal_bag,inf,200.000,200.000,200.0,1,adjust_flow(delta=0.000),no_alarm
939.087,control,normal_flow,0,normal_bag,inf,200.000,200.000,200.0,1,adjust_flow(delta=0.000),no_alarm
940.087,control,normal_flow,0,normal_bag,inf,200.000,200.000,200.0,1,adjust_flow(delta=0.000),no_alarm
941.087,control,normal_flow,0,normal_bag,inf,200.000,200.000,200.0,1,adjust_flow(delta=0.000),no_alarm
942.087,control,normal_flow,0,normal_bag,inf,200.000,200.000,200.0,1,adjust_flow(delta=0.000),no_alarm
943.087,control,normal_flow,0,normal_bag,inf,200.000,200.000,200.0,1,adjust_flow(delta=0.000),no_alarm
944.087,control,normal_flow,0,normal_bag,inf,200.000,200.000,200.0,1,adjust_flow(delta=0.000),no_alarm
945.087,control,normal_flow,0,normal_bag,inf,200.000,200.000,200.0,1,adjust_flow(delta=0.000),no_alarm
946.087,control,normal_flow,0,normal_bag,inf,200.000,200.000,200.0,1,adjust_flow(delta=0.000),no_alarm
947.087,control,normal_flow,0,normal_bag,inf,200.000,200.000,200.0,1,adjust_flow(delta=0.000),no_alarm
948.087,control,normal_flow,0,normal_bag,inf,200.000,200.000,200.0,1,adjust_flow(delta=0.000),no_alarm
949.087,control,normal_flow,0,normal_bag,inf,200.000,200.000,200.0,1,adjust_flow(delta=0.000),no_alarm
950.087,control,normal_flow,0,normal_bag,inf,200.000,200.000,200.0,1,adjust_flow(delta=0.000),no_alarm
951.087,control,normal_flow,0,normal_bag,inf,200.000,200.000,200.0,1,adjust_flow(delta=0.000),no_alarm
952.087,control,normal_flow,0,normal_bag,inf,200.000,200.000,200.0,1,adjust_flow(delta=0.000),no_alarm
953.087,control,normal_flow,0,normal_bag,inf,200.000,200.000,200.0,1,adjust_flow(delta=0.000),no_alarm
954.087,control,normal_flow,0,normal_bag,inf,200.000,200.000,200.0,1,adjust_flow(delta=0.000),no_alarm
955.087,control,normal_flow,0,normal_bag,inf,200.000,200.000,200.0,1,adjust_flow(delta=0.000),no_alarm
956.087,control,normal_flow,0,normal_bag,inf,200.000,200.000,200.0,1,adjust_flow(delta=0.000),no_alarm
957.087,control,normal_flow,0,normal_bag,inf,200.000,200.000,200.0,1,adjust_flow(delta=0.000),no_alarm
958.087,control,normal_flow,0,normal_bag,inf,200.000,200.000,200.0,1,adjust_flow(delta=0.000),no_alarm
959.087,control,normal_flow,0,normal_bag,inf,200.000,200.000,200.0,1,adjust_flow(delta=0.000),no_alarm
960.087,control,normal_flow,0,normal_bag,inf,200.000,200.000,200.0,1,adjust_flow(delta=0.000),no_alarm
961.087,control,normal_flow,0,normal_bag,inf,200.000,200.000,200.0,1,adjust_flow(delta=0.000),no_alarm
962.087,control,normal_flow,0,normal_bag,inf,200.000,200.000,200.0,1,adjust_flow(delta=0.000),no_alarm
963.087,control,normal_flow,0,normal_bag,inf,200.000,200.000,200.0,1,adjust_flow(delta=0.000),no_alarm
964.087,control,normal_flow,0,normal_bag,inf,200.000,200.000,200.0,1,adjust_flow(delta=0.000),no_alarm
965.087,control,normal_flow,0,normal_bag,inf,200.000,200.000,200.0,1,adjust_flow(delta=0.000),no_alarm
966.087,control,normal_flow,0,normal_bag,inf,200.000,200.000,200.0,1,adjust_flow(delta=0.000),no_alarm
967.087,control,normal_flow,0,normal_bag,inf,200.000,200.000,200.0,1,adjust_flow(delta=0.000),no_alarm
968.087,control,normal_flow,0,normal_bag,inf,200.000,200.000,200.0,1,adjust_flow(delta=0.000),no_alarm
969.087,control,normal_flow,0,normal_bag,inf,200.000,200.000,200.0,1,adjust_flow(delta=0.000),no_alarm
970.087,control,normal_flow,0,normal_bag,inf,200.000,200.000,200.0,1,adjust_flow(delta=0.000),no_alarm
971.087,control,normal_flow,0,normal_bag,inf,200.000,200.000,200.0,1,adjust_flow(delta=0.000),no_alarm
972.087,control,normal_flow,0,normal_bag,inf,200.000,200.000,200.0,1,adjust_flow(delta=0.000),no_alarm
973.087,control,normal_flow,0,normal_bag,inf,200.000,200.000,200.0,1,adjust_flow(delta=0.000),no_alarm
974.087,control,normal_flow,0,normal_bag,inf,200.000,200.000,200.0,1,adjust_flow(delta=0.000),no_alarm
975.087,control,normal_flow,0,normal_bag,inf,200.000,200.000,200.0,1,adjust_flow(delta=0.000),no_alarm
976.087,control,normal_flow,0,normal_bag,inf,200.000,200.000,200.0,1,adjust_flow(delta=0.000),no_alarm
977.087,control,normal_flow,0,normal_bag,inf,200.000,200.000,200.0,1,adjust_flow(delta=0.000),no_alarm
978.087,control,normal_flow,0,normal_bag,inf,200.000,200.000,200.0,1,adjust_flow(delta=0.000),no_alarm
979.087,control,normal_flow,0,normal_bag,inf,200.000,200.000,200.0,1,adjust_flow(delta=0.000),no_alarm
980.087,control,normal_flow,0,normal_bag,inf,200.000,200.000,200.0,1,adjust_flow(delta=0.000),no_alarm
981.087,control,normal_flow,0,normal_bag,inf,200.000,200.000,200.0,1,adjust_flow(delta=0.000),no_alarm
982.087,control,normal_flow,0,normal_bag,inf,200.000,200.000,200.0,1,adjust_flow(delta=0.000),no_alarm
983.087,control,normal_flow,0,normal_bag,inf,200.000,200.000,200.0,1,adjust_flow(delta=0.000),no_alarm
984.087,control,normal_flow,0,normal_bag,inf,200.000,200.000,200.0,1,adjust_flow(delta=0.000),no_alarm
985.087,control,normal_flow,0,normal_bag,inf,200.000,200.000,200.0,1,adjust_flow(delta=0.000),no_alarm
986.087,control,normal_flow,0,normal_bag,inf,200.000,200.000,200.0,1,adjust_flow(delta=0.000),no_alarm
987.087,control,normal_flow,0,normal_bag,inf,200.000,200.000,200.0,1,adjust_flow(delta=0.000),no_alarm
988.087,control,normal_flow,0,normal_bag,inf,200.000,200.000,200.0,1,adjust_flow(delta=0.000),no_alarm
989.087,control,normal_flow,0,normal_bag,inf,200.000,200.000,200.0,1,adjust_flow(delta=0.000),no_alarm
990.087,control,normal_flow,0,normal_bag,inf,200.000,200.000,200.0,1,adjust_flow(delta=0.000),no_alarm
991.087,control,normal_flow,0,normal_bag,inf,200.000,200.000,200.0,1,adjust_flow(delta=0.000),no_alarm
992.087,control,normal_flow,0,normal_bag,inf,200.000,200.000,200.0,1,adjust_flow(delta=0.000),no_alarm
993.087,control,normal_flow,0,normal_bag,inf,200.000,200.000,200.0,1,adjust_flow(delta=0.000),no_alarm
994.087,control,normal_flow,0,normal_bag,inf,200.000,200.000,200.0,1,adjust_flow(delta=0.000),no_alarm
995.087,control,normal_flow,0,normal_bag,inf,200.000,200.000,200.0,1,adjust_flow(delta=0.000),no_alarm
996.087,control,normal_flow,0,normal_bag,inf,200.000,200.000,200.0,1,adjust_flow(delta=0.000),no_alarm
997.087,control,normal_flow,0,normal_bag,inf,200.000,200.000,200.0,1,adjust_flow(delta=0.000),no_alarm
998.087,control,normal_flow,0,normal_bag,inf,200.000,200.000,200.0,1,adjust_flow(delta=0.000),no_alarm
999.087,control,normal_flow,0,normal_bag,inf,200.000,200.000,200.0,1,adjust_flow(delta=0.000),no_alarm
